system:time_start,NDSI
"Feb 24, 2000",
"Feb 25, 2000",
"Feb 26, 2000",-0.246
"Feb 27, 2000",-0.327
"Feb 28, 2000",-0.307
"Feb 29, 2000",-0.126
"Mar 1, 2000",-0.085
"Mar 2, 2000",-0.269
"Mar 3, 2000",-0.326
"Mar 4, 2000",-0.082
"Mar 5, 2000",-0.2
"Mar 6, 2000",-0.251
"Mar 7, 2000",-0.214
"Mar 8, 2000",-0.355
"Mar 9, 2000",-0.247
"Mar 10, 2000",-0.021
"Mar 11, 2000",-0.165
"Mar 12, 2000",-0.334
"Mar 13, 2000",-0.217
"Mar 14, 2000",-0.216
"Mar 15, 2000",-0.345
"Mar 16, 2000",-0.269
"Mar 17, 2000",-0.248
"Mar 18, 2000",-0.262
"Mar 19, 2000",-0.223
"Mar 20, 2000",0.25
"Mar 21, 2000",0.09
"Mar 22, 2000",-0.208
"Mar 23, 2000",-0.25
"Mar 24, 2000",-0.192
"Mar 25, 2000",-0.215
"Mar 26, 2000",-0.208
"Mar 27, 2000",-0.122
"Mar 28, 2000",-0.14
"Mar 29, 2000",-0.018
"Mar 30, 2000",-0.059
"Mar 31, 2000",-0.106
"Apr 1, 2000",-0.226
"Apr 2, 2000",-0.345
"Apr 3, 2000",-0.301
"Apr 4, 2000",-0.26
"Apr 5, 2000",-0.227
"Apr 6, 2000",-0.173
"Apr 7, 2000",-0.199
"Apr 8, 2000",-0.215
"Apr 9, 2000",-0.352
"Apr 10, 2000",-0.222
"Apr 11, 2000",-0.36
"Apr 12, 2000",-0.227
"Apr 13, 2000",-0.063
"Apr 14, 2000",-0.002
"Apr 15, 2000",-0.192
"Apr 16, 2000",-0.233
"Apr 17, 2000",-0.277
"Apr 18, 2000",-0.196
"Apr 19, 2000",-0.105
"Apr 20, 2000",-0.251
"Apr 21, 2000",-0.004
"Apr 22, 2000",-0.108
"Apr 23, 2000",-0.178
"Apr 24, 2000",-0.318
"Apr 25, 2000",-0.204
"Apr 26, 2000",
"Apr 27, 2000",
"Apr 28, 2000",
"Apr 29, 2000",-0.221
"Apr 30, 2000",-0.344
"May 1, 2000",-0.351
"May 2, 2000",-0.299
"May 3, 2000",-0.08
"May 4, 2000",-0.048
"May 5, 2000",-0.271
"May 6, 2000",-0.248
"May 7, 2000",-0.157
"May 8, 2000",-0.198
"May 9, 2000",-0.329
"May 10, 2000",-0.228
"May 11, 2000",-0.334
"May 12, 2000",-0.164
"May 13, 2000",-0.127
"May 14, 2000",-0.227
"May 15, 2000",-0.294
"May 16, 2000",-0.126
"May 17, 2000",-0.281
"May 18, 2000",-0.177
"May 19, 2000",-0.249
"May 20, 2000",-0.186
"May 21, 2000",-0.222
"May 22, 2000",-0.204
"May 23, 2000",-0.189
"May 24, 2000",-0.246
"May 25, 2000",-0.188
"May 26, 2000",-0.226
"May 27, 2000",-0.146
"May 28, 2000",-0.238
"May 29, 2000",
"May 30, 2000",-0.095
"May 31, 2000",-0.134
"Jun 1, 2000",-0.243
"Jun 2, 2000",-0.047
"Jun 3, 2000",-0.233
"Jun 4, 2000",-0.104
"Jun 5, 2000",-0.295
"Jun 6, 2000",-0.205
"Jun 7, 2000",-0.25
"Jun 8, 2000",-0.133
"Jun 9, 2000",-0.002
"Jun 10, 2000",-0.142
"Jun 11, 2000",-0.176
"Jun 12, 2000",-0.156
"Jun 13, 2000",-0.111
"Jun 14, 2000",-0.258
"Jun 15, 2000",-0.153
"Jun 16, 2000",-0.243
"Jun 17, 2000",-0.101
"Jun 18, 2000",-0.259
"Jun 19, 2000",-0.111
"Jun 20, 2000",-0.213
"Jun 21, 2000",-0.149
"Jun 22, 2000",-0.075
"Jun 23, 2000",-0.148
"Jun 24, 2000",-0.18
"Jun 25, 2000",-0.124
"Jun 26, 2000",-0.146
"Jun 27, 2000",-0.133
"Jun 28, 2000",-0.213
"Jun 29, 2000",-0.179
"Jun 30, 2000",0.052
"Jul 1, 2000",0.073
"Jul 2, 2000",0.053
"Jul 3, 2000",-0.097
"Jul 4, 2000",-0.093
"Jul 5, 2000",-0.258
"Jul 6, 2000",-0.158
"Jul 7, 2000",-0.268
"Jul 8, 2000",-0.157
"Jul 9, 2000",-0.185
"Jul 10, 2000",-0.101
"Jul 11, 2000",-0.101
"Jul 12, 2000",0.221
"Jul 13, 2000",0.107
"Jul 14, 2000",0.062
"Jul 15, 2000",0.116
"Jul 16, 2000",-0.212
"Jul 17, 2000",-0.11
"Jul 18, 2000",-0.096
"Jul 19, 2000",0.045
"Jul 20, 2000",-0.12
"Jul 21, 2000",0.033
"Jul 22, 2000",0.113
"Jul 23, 2000",0.3
"Jul 24, 2000",0.104
"Jul 25, 2000",-0.102
"Jul 26, 2000",-0.205
"Jul 27, 2000",-0.109
"Jul 28, 2000",-0.15
"Jul 29, 2000",-0.087
"Jul 30, 2000",-0.25
"Jul 31, 2000",-0.155
"Aug 1, 2000",-0.16
"Aug 2, 2000",-0.032
"Aug 3, 2000",-0.099
"Aug 4, 2000",-0.214
"Aug 5, 2000",-0.184
"Aug 18, 2000",
"Aug 19, 2000",-0.228
"Aug 20, 2000",-0.209
"Aug 21, 2000",-0.097
"Aug 22, 2000",-0.096
"Aug 23, 2000",-0.146
"Aug 24, 2000",-0.307
"Aug 25, 2000",-0.198
"Aug 26, 2000",-0.176
"Aug 27, 2000",-0.173
"Aug 28, 2000",-0.31
"Aug 29, 2000",-0.158
"Aug 30, 2000",-0.137
"Aug 31, 2000",-0.118
"Sep 1, 2000",-0.133
"Sep 2, 2000",-0.27
"Sep 3, 2000",-0.207
"Sep 4, 2000",-0.167
"Sep 5, 2000",-0.165
"Sep 6, 2000",-0.293
"Sep 7, 2000",-0.259
"Sep 8, 2000",-0.227
"Sep 9, 2000",-0.111
"Sep 10, 2000",-0.145
"Sep 11, 2000",-0.307
"Sep 12, 2000",-0.24
"Sep 13, 2000",-0.184
"Sep 14, 2000",-0.235
"Sep 15, 2000",-0.23
"Sep 16, 2000",-0.339
"Sep 17, 2000",-0.207
"Sep 18, 2000",
"Sep 19, 2000",-0.189
"Sep 20, 2000",-0.296
"Sep 21, 2000",-0.092
"Sep 22, 2000",-0.107
"Sep 23, 2000",-0.169
"Sep 24, 2000",-0.283
"Sep 25, 2000",-0.325
"Sep 26, 2000",-0.102
"Sep 27, 2000",-0.178
"Sep 28, 2000",-0.209
"Sep 29, 2000",-0.34
"Sep 30, 2000",-0.334
"Oct 1, 2000",-0.325
"Oct 2, 2000",-0.201
"Oct 3, 2000",-0.294
"Oct 4, 2000",-0.344
"Oct 5, 2000",-0.25
"Oct 6, 2000",-0.191
"Oct 7, 2000",-0.234
"Oct 8, 2000",-0.222
"Oct 9, 2000",-0.336
"Oct 10, 2000",-0.215
"Oct 11, 2000",-0.211
"Oct 12, 2000",-0.242
"Oct 13, 2000",-0.355
"Oct 14, 2000",-0.338
"Oct 15, 2000",-0.221
"Oct 16, 2000",-0.225
"Oct 17, 2000",-0.343
"Oct 18, 2000",-0.352
"Oct 19, 2000",-0.202
"Oct 20, 2000",-0.185
"Oct 21, 2000",-0.206
"Oct 22, 2000",-0.356
"Oct 23, 2000",-0.243
"Oct 24, 2000",-0.305
"Oct 25, 2000",-0.205
"Oct 26, 2000",-0.347
"Oct 27, 2000",
"Oct 28, 2000",-0.319
"Oct 29, 2000",-0.22
"Oct 30, 2000",-0.28
"Oct 31, 2000",-0.375
"Nov 1, 2000",-0.314
"Nov 2, 2000",-0.324
"Nov 3, 2000",-0.328
"Nov 4, 2000",-0.31
"Nov 5, 2000",-0.319
"Nov 6, 2000",-0.302
"Nov 7, 2000",-0.291
"Nov 8, 2000",-0.076
"Nov 9, 2000",-0.337
"Nov 10, 2000",-0.197
"Nov 11, 2000",-0.136
"Nov 12, 2000",-0.22
"Nov 13, 2000",-0.271
"Nov 14, 2000",-0.36
"Nov 15, 2000",-0.318
"Nov 16, 2000",-0.3
"Nov 17, 2000",-0.133
"Nov 18, 2000",-0.169
"Nov 19, 2000",-0.351
"Nov 20, 2000",-0.336
"Nov 21, 2000",-0.099
"Nov 22, 2000",-0.021
"Nov 23, 2000",-0.07
"Nov 24, 2000",-0.315
"Nov 25, 2000",-0.317
"Nov 26, 2000",-0.096
"Nov 27, 2000",-0.324
"Nov 28, 2000",-0.349
"Nov 29, 2000",-0.323
"Nov 30, 2000",-0.349
"Dec 1, 2000",-0.342
"Dec 2, 2000",-0.331
"Dec 3, 2000",-0.336
"Dec 4, 2000",-0.339
"Dec 5, 2000",-0.337
"Dec 6, 2000",-0.334
"Dec 7, 2000",-0.253
"Dec 8, 2000",-0.208
"Dec 9, 2000",-0.313
"Dec 10, 2000",-0.104
"Dec 11, 2000",-0.332
"Dec 12, 2000",-0.282
"Dec 13, 2000",-0.305
"Dec 14, 2000",-0.313
"Dec 15, 2000",-0.008
"Dec 16, 2000",0.074
"Dec 17, 2000",-0.069
"Dec 18, 2000",-0.334
"Dec 19, 2000",-0.343
"Dec 20, 2000",-0.345
"Dec 21, 2000",-0.313
"Dec 22, 2000",-0.303
"Dec 23, 2000",-0.341
"Dec 24, 2000",-0.272
"Dec 25, 2000",-0.336
"Dec 26, 2000",-0.299
"Dec 27, 2000",-0.328
"Dec 28, 2000",-0.015
"Dec 29, 2000",-0.335
"Dec 30, 2000",-0.331
"Dec 31, 2000",0.201
"Jan 1, 2001",-0.165
"Jan 2, 2001",-0.15
"Jan 3, 2001",-0.063
"Jan 4, 2001",-0.075
"Jan 5, 2001",-0.062
"Jan 6, 2001",0.033
"Jan 7, 2001",-0.048
"Jan 8, 2001",-0.284
"Jan 9, 2001",-0.224
"Jan 10, 2001",-0.234
"Jan 11, 2001",-0.139
"Jan 12, 2001",-0.198
"Jan 13, 2001",-0.166
"Jan 14, 2001",-0.181
"Jan 15, 2001",-0.218
"Jan 16, 2001",-0.118
"Jan 17, 2001",0.031
"Jan 18, 2001",-0.127
"Jan 19, 2001",-0.188
"Jan 20, 2001",-0.273
"Jan 21, 2001",-0.169
"Jan 22, 2001",-0.198
"Jan 23, 2001",-0.317
"Jan 24, 2001",-0.351
"Jan 25, 2001",-0.324
"Jan 26, 2001",-0.352
"Jan 27, 2001",-0.357
"Jan 28, 2001",-0.357
"Jan 29, 2001",-0.35
"Jan 30, 2001",-0.312
"Jan 31, 2001",-0.35
"Feb 1, 2001",-0.344
"Feb 2, 2001",-0.353
"Feb 3, 2001",-0.354
"Feb 4, 2001",-0.342
"Feb 5, 2001",-0.302
"Feb 6, 2001",-0.343
"Feb 7, 2001",-0.329
"Feb 8, 2001",-0.344
"Feb 9, 2001",-0.357
"Feb 10, 2001",-0.354
"Feb 11, 2001",-0.352
"Feb 12, 2001",
"Feb 13, 2001",
"Feb 14, 2001",-0.028
"Feb 15, 2001",-0.339
"Feb 16, 2001",-0.025
"Feb 17, 2001",-0.314
"Feb 18, 2001",-0.353
"Feb 19, 2001",0.036
"Feb 20, 2001",-0.153
"Feb 21, 2001",-0.361
"Feb 22, 2001",-0.04
"Feb 23, 2001",-0.116
"Feb 24, 2001",-0.036
"Feb 25, 2001",-0.342
"Feb 26, 2001",-0.351
"Feb 27, 2001",-0.356
"Feb 28, 2001",-0.348
"Mar 1, 2001",-0.349
"Mar 2, 2001",-0.157
"Mar 3, 2001",-0.253
"Mar 4, 2001",-0.353
"Mar 5, 2001",-0.33
"Mar 6, 2001",-0.285
"Mar 7, 2001",-0.33
"Mar 8, 2001",-0.346
"Mar 9, 2001",-0.351
"Mar 10, 2001",-0.335
"Mar 11, 2001",-0.344
"Mar 12, 2001",-0.001
"Mar 13, 2001",-0.26
"Mar 14, 2001",-0.326
"Mar 15, 2001",-0.353
"Mar 16, 2001",-0.317
"Mar 17, 2001",-0.341
"Mar 18, 2001",-0.315
"Mar 19, 2001",0.263
"Mar 20, 2001",-0.329
"Mar 21, 2001",-0.238
"Mar 22, 2001",-0.348
"Mar 23, 2001",-0.312
"Mar 24, 2001",-0.277
"Mar 25, 2001",-0.343
"Mar 26, 2001",-0.313
"Mar 27, 2001",-0.311
"Mar 28, 2001",-0.092
"Mar 29, 2001",-0.2
"Mar 30, 2001",-0.264
"Mar 31, 2001",-0.323
"Apr 1, 2001",-0.33
"Apr 2, 2001",-0.32
"Apr 3, 2001",-0.298
"Apr 4, 2001",-0.28
"Apr 5, 2001",-0.347
"Apr 6, 2001",-0.305
"Apr 7, 2001",-0.342
"Apr 8, 2001",-0.306
"Apr 9, 2001",-0.298
"Apr 10, 2001",-0.115
"Apr 11, 2001",-0.175
"Apr 12, 2001",0.012
"Apr 13, 2001",-0.039
"Apr 14, 2001",-0.197
"Apr 15, 2001",-0.212
"Apr 16, 2001",0.021
"Apr 17, 2001",-0.169
"Apr 18, 2001",0.214
"Apr 19, 2001",0.27
"Apr 20, 2001",-0.26
"Apr 21, 2001",-0.355
"Apr 22, 2001",-0.34
"Apr 23, 2001",-0.351
"Apr 24, 2001",0.203
"Apr 25, 2001",-0.303
"Apr 26, 2001",-0.332
"Apr 27, 2001",-0.337
"Apr 28, 2001",-0.333
"Apr 29, 2001",-0.3
"Apr 30, 2001",-0.338
"May 1, 2001",-0.048
"May 2, 2001",-0.313
"May 3, 2001",-0.325
"May 4, 2001",-0.344
"May 5, 2001",-0.348
"May 6, 2001",-0.313
"May 7, 2001",-0.272
"May 8, 2001",-0.101
"May 9, 2001",-0.295
"May 10, 2001",-0.28
"May 11, 2001",-0.331
"May 12, 2001",-0.33
"May 13, 2001",-0.315
"May 14, 2001",-0.253
"May 15, 2001",-0.238
"May 16, 2001",-0.31
"May 17, 2001",-0.211
"May 18, 2001",-0.246
"May 19, 2001",-0.216
"May 20, 2001",-0.219
"May 21, 2001",-0.262
"May 22, 2001",-0.222
"May 23, 2001",-0.289
"May 24, 2001",-0.213
"May 25, 2001",-0.297
"May 26, 2001",-0.266
"May 27, 2001",-0.294
"May 28, 2001",-0.267
"May 29, 2001",-0.216
"May 30, 2001",-0.28
"May 31, 2001",-0.232
"Jun 1, 2001",-0.289
"Jun 2, 2001",-0.209
"Jun 3, 2001",-0.248
"Jun 4, 2001",-0.149
"Jun 5, 2001",-0.053
"Jun 6, 2001",-0.189
"Jun 7, 2001",-0.102
"Jun 8, 2001",-0.264
"Jun 9, 2001",-0.167
"Jun 10, 2001",-0.273
"Jun 11, 2001",-0.229
"Jun 12, 2001",-0.235
"Jun 13, 2001",-0.113
"Jun 14, 2001",-0.122
"Jun 15, 2001",
"Jul 3, 2001",
"Jul 4, 2001",-0.055
"Jul 5, 2001",-0.202
"Jul 6, 2001",-0.199
"Jul 7, 2001",-0.25
"Jul 8, 2001",-0.014
"Jul 9, 2001",-0.093
"Jul 10, 2001",-0.215
"Jul 11, 2001",0.037
"Jul 12, 2001",0.191
"Jul 13, 2001",0.13
"Jul 14, 2001",-0.167
"Jul 15, 2001",-0.154
"Jul 16, 2001",-0.115
"Jul 17, 2001",-0.142
"Jul 18, 2001",-0.161
"Jul 19, 2001",-0.256
"Jul 20, 2001",-0.1
"Jul 21, 2001",-0.01
"Jul 22, 2001",-0.086
"Jul 23, 2001",-0.135
"Jul 24, 2001",0.071
"Jul 25, 2001",0.068
"Jul 26, 2001",-0.083
"Jul 27, 2001",-0.073
"Jul 28, 2001",-0.199
"Jul 29, 2001",-0.001
"Jul 30, 2001",-0.117
"Jul 31, 2001",-0.197
"Aug 1, 2001",-0.212
"Aug 2, 2001",-0.249
"Aug 3, 2001",-0.174
"Aug 4, 2001",-0.212
"Aug 5, 2001",-0.167
"Aug 6, 2001",-0.162
"Aug 7, 2001",-0.056
"Aug 8, 2001",-0.205
"Aug 9, 2001",
"Aug 10, 2001",-0.085
"Aug 11, 2001",-0.148
"Aug 12, 2001",-0.146
"Aug 13, 2001",-0.279
"Aug 14, 2001",-0.01
"Aug 15, 2001",-0.056
"Aug 16, 2001",-0.199
"Aug 17, 2001",-0.246
"Aug 18, 2001",-0.285
"Aug 19, 2001",-0.229
"Aug 20, 2001",-0.291
"Aug 21, 2001",-0.205
"Aug 22, 2001",-0.237
"Aug 23, 2001",-0.145
"Aug 24, 2001",-0.26
"Aug 25, 2001",-0.282
"Aug 26, 2001",-0.26
"Aug 27, 2001",-0.315
"Aug 28, 2001",-0.264
"Aug 29, 2001",-0.295
"Aug 30, 2001",-0.205
"Aug 31, 2001",-0.263
"Sep 1, 2001",-0.246
"Sep 2, 2001",-0.277
"Sep 3, 2001",-0.299
"Sep 4, 2001",-0.172
"Sep 5, 2001",-0.224
"Sep 6, 2001",-0.209
"Sep 7, 2001",-0.282
"Sep 8, 2001",-0.289
"Sep 9, 2001",-0.31
"Sep 10, 2001",-0.301
"Sep 11, 2001",-0.265
"Sep 12, 2001",-0.187
"Sep 13, 2001",-0.228
"Sep 14, 2001",-0.205
"Sep 15, 2001",-0.175
"Sep 16, 2001",-0.302
"Sep 17, 2001",-0.287
"Sep 18, 2001",-0.3
"Sep 19, 2001",-0.341
"Sep 20, 2001",-0.252
"Sep 21, 2001",-0.329
"Sep 22, 2001",-0.268
"Sep 23, 2001",-0.327
"Sep 24, 2001",-0.323
"Sep 25, 2001",-0.334
"Sep 26, 2001",-0.34
"Sep 27, 2001",-0.336
"Sep 28, 2001",-0.357
"Sep 29, 2001",-0.324
"Sep 30, 2001",-0.361
"Oct 1, 2001",-0.262
"Oct 2, 2001",-0.356
"Oct 3, 2001",-0.298
"Oct 4, 2001",-0.138
"Oct 5, 2001",-0.294
"Oct 6, 2001",-0.229
"Oct 7, 2001",
"Oct 8, 2001",-0.264
"Oct 9, 2001",-0.339
"Oct 10, 2001",-0.301
"Oct 11, 2001",-0.314
"Oct 12, 2001",-0.28
"Oct 13, 2001",-0.31
"Oct 14, 2001",-0.314
"Oct 15, 2001",-0.257
"Oct 16, 2001",-0.332
"Oct 17, 2001",-0.294
"Oct 18, 2001",-0.331
"Oct 19, 2001",-0.281
"Oct 20, 2001",-0.3
"Oct 21, 2001",-0.321
"Oct 22, 2001",-0.241
"Oct 23, 2001",-0.334
"Oct 24, 2001",-0.277
"Oct 25, 2001",-0.335
"Oct 26, 2001",-0.314
"Oct 27, 2001",-0.334
"Oct 28, 2001",-0.304
"Oct 29, 2001",-0.289
"Oct 30, 2001",-0.297
"Oct 31, 2001",-0.225
"Nov 1, 2001",-0.286
"Nov 2, 2001",-0.221
"Nov 3, 2001",-0.204
"Nov 4, 2001",-0.313
"Nov 5, 2001",-0.272
"Nov 6, 2001",
"Nov 7, 2001",-0.301
"Nov 8, 2001",-0.36
"Nov 9, 2001",-0.322
"Nov 10, 2001",-0.339
"Nov 11, 2001",-0.255
"Nov 12, 2001",-0.347
"Nov 13, 2001",-0.362
"Nov 14, 2001",-0.351
"Nov 15, 2001",-0.356
"Nov 16, 2001",-0.293
"Nov 17, 2001",-0.36
"Nov 18, 2001",-0.327
"Nov 19, 2001",-0.36
"Nov 20, 2001",-0.327
"Nov 21, 2001",-0.337
"Nov 22, 2001",-0.342
"Nov 23, 2001",-0.333
"Nov 24, 2001",-0.353
"Nov 25, 2001",-0.282
"Nov 26, 2001",-0.305
"Nov 27, 2001",-0.291
"Nov 28, 2001",-0.316
"Nov 29, 2001",-0.314
"Nov 30, 2001",-0.317
"Dec 1, 2001",-0.306
"Dec 2, 2001",-0.228
"Dec 3, 2001",-0.15
"Dec 4, 2001",-0.193
"Dec 5, 2001",-0.276
"Dec 6, 2001",-0.238
"Dec 7, 2001",-0.264
"Dec 8, 2001",-0.323
"Dec 9, 2001",-0.314
"Dec 10, 2001",-0.266
"Dec 11, 2001",-0.158
"Dec 12, 2001",-0.307
"Dec 13, 2001",-0.191
"Dec 14, 2001",0.007
"Dec 15, 2001",-0.282
"Dec 16, 2001",-0.198
"Dec 17, 2001",-0.029
"Dec 18, 2001",-0.098
"Dec 19, 2001",-0.337
"Dec 20, 2001",-0.306
"Dec 21, 2001",-0.339
"Dec 22, 2001",-0.325
"Dec 23, 2001",-0.334
"Dec 24, 2001",-0.309
"Dec 25, 2001",-0.246
"Dec 26, 2001",-0.311
"Dec 27, 2001",-0.167
"Dec 28, 2001",-0.288
"Dec 29, 2001",-0.183
"Dec 30, 2001",-0.22
"Dec 31, 2001",-0.193
"Jan 1, 2002",-0.142
"Jan 2, 2002",-0.115
"Jan 3, 2002",-0.11
"Jan 4, 2002",-0.162
"Jan 5, 2002",-0.135
"Jan 6, 2002",-0.229
"Jan 7, 2002",-0.282
"Jan 8, 2002",-0.283
"Jan 9, 2002",-0.082
"Jan 10, 2002",-0.274
"Jan 11, 2002",-0.338
"Jan 12, 2002",-0.081
"Jan 13, 2002",-0.005
"Jan 14, 2002",-0.102
"Jan 15, 2002",-0.227
"Jan 16, 2002",-0.238
"Jan 17, 2002",-0.246
"Jan 18, 2002",-0.335
"Jan 19, 2002",-0.21
"Jan 20, 2002",-0.338
"Jan 21, 2002",-0.29
"Jan 22, 2002",-0.339
"Jan 23, 2002",-0.327
"Jan 24, 2002",-0.34
"Jan 25, 2002",-0.272
"Jan 26, 2002",-0.341
"Jan 27, 2002",-0.345
"Jan 28, 2002",-0.314
"Jan 29, 2002",-0.351
"Jan 30, 2002",-0.339
"Jan 31, 2002",-0.352
"Feb 1, 2002",-0.244
"Feb 2, 2002",-0.217
"Feb 3, 2002",-0.353
"Feb 4, 2002",-0.116
"Feb 5, 2002",-0.11
"Feb 6, 2002",-0.271
"Feb 7, 2002",-0.173
"Feb 8, 2002",-0.182
"Feb 9, 2002",-0.289
"Feb 10, 2002",-0.317
"Feb 11, 2002",-0.267
"Feb 12, 2002",-0.335
"Feb 13, 2002",-0.222
"Feb 14, 2002",-0.322
"Feb 15, 2002",-0.062
"Feb 16, 2002",-0.102
"Feb 17, 2002",-0.289
"Feb 18, 2002",-0.345
"Feb 19, 2002",-0.327
"Feb 20, 2002",-0.193
"Feb 21, 2002",-0.178
"Feb 22, 2002",-0.023
"Feb 23, 2002",-0.336
"Feb 24, 2002",-0.351
"Feb 25, 2002",-0.351
"Feb 26, 2002",0.272
"Feb 27, 2002",-0.277
"Feb 28, 2002",-0.042
"Mar 1, 2002",0.266
"Mar 2, 2002",-0.182
"Mar 3, 2002",-0.333
"Mar 4, 2002",-0.357
"Mar 5, 2002",-0.374
"Mar 6, 2002",-0.367
"Mar 7, 2002",-0.041
"Mar 8, 2002",0.17
"Mar 9, 2002",-0.049
"Mar 10, 2002",-0.287
"Mar 11, 2002",-0.292
"Mar 12, 2002",-0.338
"Mar 13, 2002",-0.323
"Mar 14, 2002",-0.348
"Mar 15, 2002",-0.315
"Mar 16, 2002",-0.353
"Mar 17, 2002",-0.27
"Mar 18, 2002",-0.308
"Mar 19, 2002",-0.305
"Mar 28, 2002",
"Mar 29, 2002",-0.325
"Mar 30, 2002",-0.249
"Mar 31, 2002",-0.068
"Apr 1, 2002",-0.292
"Apr 2, 2002",-0.275
"Apr 3, 2002",-0.304
"Apr 4, 2002",-0.103
"Apr 5, 2002",0.055
"Apr 6, 2002",0.188
"Apr 7, 2002",0.144
"Apr 8, 2002",-0.223
"Apr 9, 2002",-0.28
"Apr 10, 2002",-0.34
"Apr 11, 2002",-0.327
"Apr 12, 2002",-0.34
"Apr 13, 2002",0.013
"Apr 14, 2002",0.134
"Apr 16, 2002",0.089
"Apr 17, 2002",-0.335
"Apr 18, 2002",-0.331
"Apr 19, 2002",-0.351
"Apr 20, 2002",-0.336
"Apr 21, 2002",-0.342
"Apr 22, 2002",-0.248
"Apr 23, 2002",-0.084
"Apr 24, 2002",-0.248
"Apr 25, 2002",-0.127
"Apr 26, 2002",-0.336
"Apr 27, 2002",-0.241
"Apr 28, 2002",-0.288
"Apr 29, 2002",-0.33
"Apr 30, 2002",-0.267
"May 1, 2002",-0.229
"May 2, 2002",-0.162
"May 3, 2002",-0.347
"May 4, 2002",-0.308
"May 5, 2002",-0.321
"May 6, 2002",-0.281
"May 7, 2002",-0.322
"May 8, 2002",-0.319
"May 9, 2002",-0.274
"May 10, 2002",-0.331
"May 11, 2002",-0.326
"May 12, 2002",-0.288
"May 13, 2002",-0.123
"May 14, 2002",-0.269
"May 15, 2002",-0.214
"May 16, 2002",-0.282
"May 17, 2002",-0.333
"May 18, 2002",-0.31
"May 19, 2002",-0.303
"May 20, 2002",-0.287
"May 21, 2002",-0.324
"May 22, 2002",-0.286
"May 23, 2002",-0.264
"May 24, 2002",-0.309
"May 25, 2002",-0.269
"May 26, 2002",-0.286
"May 27, 2002",-0.155
"May 28, 2002",-0.232
"May 29, 2002",-0.187
"May 30, 2002",-0.27
"May 31, 2002",-0.272
"Jun 1, 2002",-0.221
"Jun 2, 2002",-0.275
"Jun 3, 2002",-0.185
"Jun 4, 2002",-0.283
"Jun 5, 2002",-0.219
"Jun 6, 2002",-0.278
"Jun 7, 2002",-0.282
"Jun 8, 2002",-0.288
"Jun 9, 2002",-0.271
"Jun 10, 2002",-0.205
"Jun 11, 2002",-0.271
"Jun 12, 2002",-0.18
"Jun 13, 2002",-0.259
"Jun 14, 2002",-0.13
"Jun 15, 2002",-0.262
"Jun 16, 2002",-0.205
"Jun 17, 2002",-0.212
"Jun 18, 2002",-0.181
"Jun 19, 2002",-0.181
"Jun 20, 2002",-0.274
"Jun 21, 2002",-0.247
"Jun 22, 2002",-0.283
"Jun 23, 2002",-0.237
"Jun 24, 2002",-0.151
"Jun 25, 2002",-0.051
"Jun 26, 2002",-0.143
"Jun 27, 2002",-0.243
"Jun 28, 2002",-0.133
"Jun 29, 2002",-0.275
"Jun 30, 2002",-0.206
"Jul 1, 2002",-0.265
"Jul 2, 2002",-0.259
"Jul 3, 2002",-0.217
"Jul 4, 2002",-0.19
"Jul 5, 2002",-0.134
"Jul 6, 2002",-0.12
"Jul 7, 2002",-0.128
"Jul 8, 2002",-0.23
"Jul 9, 2002",-0.142
"Jul 10, 2002",-0.172
"Jul 11, 2002",-0.243
"Jul 12, 2002",-0.211
"Jul 13, 2002",-0.255
"Jul 14, 2002",-0.168
"Jul 15, 2002",-0.253
"Jul 16, 2002",-0.21
"Jul 17, 2002",-0.254
"Jul 18, 2002",-0.237
"Jul 19, 2002",-0.257
"Jul 20, 2002",-0.269
"Jul 21, 2002",-0.152
"Jul 22, 2002",-0.194
"Jul 23, 2002",-0.108
"Jul 24, 2002",-0.147
"Jul 25, 2002",-0.156
"Jul 26, 2002",-0.193
"Jul 27, 2002",-0.238
"Jul 28, 2002",-0.19
"Jul 29, 2002",-0.256
"Jul 30, 2002",-0.094
"Jul 31, 2002",-0.223
"Aug 1, 2002",-0.169
"Aug 2, 2002",-0.269
"Aug 3, 2002",-0.246
"Aug 4, 2002",-0.198
"Aug 5, 2002",-0.25
"Aug 6, 2002",-0.142
"Aug 7, 2002",-0.225
"Aug 8, 2002",-0.028
"Aug 9, 2002",-0.123
"Aug 10, 2002",-0.174
"Aug 11, 2002",-0.117
"Aug 12, 2002",-0.155
"Aug 13, 2002",0.001
"Aug 14, 2002",-0.079
"Aug 15, 2002",-0.017
"Aug 16, 2002",-0.184
"Aug 17, 2002",-0.129
"Aug 18, 2002",-0.221
"Aug 19, 2002",-0.208
"Aug 20, 2002",-0.23
"Aug 21, 2002",-0.213
"Aug 22, 2002",-0.074
"Aug 23, 2002",-0.169
"Aug 24, 2002",-0.083
"Aug 25, 2002",-0.213
"Aug 26, 2002",-0.129
"Aug 27, 2002",-0.261
"Aug 28, 2002",-0.278
"Aug 29, 2002",-0.273
"Aug 30, 2002",-0.212
"Aug 31, 2002",-0.117
"Sep 1, 2002",-0.231
"Sep 2, 2002",0.106
"Sep 3, 2002",-0.269
"Sep 4, 2002",-0.107
"Sep 5, 2002",-0.253
"Sep 6, 2002",-0.279
"Sep 7, 2002",-0.273
"Sep 8, 2002",-0.291
"Sep 9, 2002",-0.238
"Sep 10, 2002",-0.303
"Sep 11, 2002",-0.229
"Sep 12, 2002",-0.308
"Sep 13, 2002",-0.182
"Sep 14, 2002",-0.052
"Sep 15, 2002",-0.292
"Sep 16, 2002",-0.258
"Sep 17, 2002",-0.253
"Sep 18, 2002",-0.142
"Sep 19, 2002",-0.291
"Sep 20, 2002",-0.317
"Sep 21, 2002",-0.324
"Sep 22, 2002",-0.342
"Sep 23, 2002",-0.31
"Sep 24, 2002",-0.313
"Sep 25, 2002",-0.138
"Sep 26, 2002",-0.322
"Sep 27, 2002",-0.269
"Sep 28, 2002",-0.316
"Sep 29, 2002",-0.31
"Sep 30, 2002",-0.309
"Oct 1, 2002",-0.343
"Oct 2, 2002",-0.313
"Oct 3, 2002",-0.347
"Oct 4, 2002",-0.327
"Oct 5, 2002",-0.349
"Oct 6, 2002",-0.324
"Oct 7, 2002",-0.338
"Oct 8, 2002",-0.339
"Oct 9, 2002",-0.292
"Oct 10, 2002",-0.33
"Oct 11, 2002",-0.226
"Oct 12, 2002",-0.294
"Oct 13, 2002",-0.085
"Oct 14, 2002",-0.315
"Oct 15, 2002",-0.291
"Oct 16, 2002",-0.278
"Oct 17, 2002",-0.318
"Oct 18, 2002",-0.27
"Oct 19, 2002",-0.335
"Oct 20, 2002",-0.225
"Oct 21, 2002",-0.081
"Oct 22, 2002",-0.269
"Oct 23, 2002",-0.33
"Oct 24, 2002",-0.333
"Oct 25, 2002",-0.298
"Oct 26, 2002",-0.336
"Oct 27, 2002",-0.287
"Oct 28, 2002",-0.339
"Oct 29, 2002",-0.292
"Oct 30, 2002",-0.319
"Oct 31, 2002",-0.318
"Nov 1, 2002",-0.271
"Nov 2, 2002",-0.338
"Nov 3, 2002",-0.012
"Nov 4, 2002",-0.192
"Nov 5, 2002",0.057
"Nov 6, 2002",-0.025
"Nov 7, 2002",-0.086
"Nov 8, 2002",-0.223
"Nov 9, 2002",0.064
"Nov 10, 2002",-0.075
"Nov 11, 2002",0.251
"Nov 12, 2002",-0.118
"Nov 13, 2002",-0.364
"Nov 14, 2002",-0.349
"Nov 15, 2002",-0.358
"Nov 16, 2002",-0.346
"Nov 17, 2002",-0.353
"Nov 18, 2002",-0.349
"Nov 19, 2002",-0.284
"Nov 20, 2002",-0.36
"Nov 21, 2002",-0.301
"Nov 22, 2002",-0.318
"Nov 23, 2002",-0.338
"Nov 24, 2002",-0.354
"Nov 25, 2002",-0.353
"Nov 26, 2002",-0.349
"Nov 27, 2002",-0.318
"Nov 28, 2002",-0.293
"Nov 29, 2002",-0.352
"Nov 30, 2002",-0.317
"Dec 1, 2002",-0.34
"Dec 2, 2002",-0.255
"Dec 3, 2002",-0.273
"Dec 4, 2002",-0.262
"Dec 5, 2002",-0.186
"Dec 6, 2002",-0.336
"Dec 7, 2002",-0.292
"Dec 8, 2002",-0.346
"Dec 9, 2002",-0.33
"Dec 10, 2002",-0.304
"Dec 11, 2002",-0.13
"Dec 12, 2002",-0.184
"Dec 13, 2002",-0.055
"Dec 14, 2002",-0.079
"Dec 15, 2002",-0.309
"Dec 16, 2002",-0.267
"Dec 17, 2002",-0.168
"Dec 18, 2002",-0.208
"Dec 19, 2002",-0.244
"Dec 20, 2002",-0.198
"Dec 21, 2002",-0.27
"Dec 22, 2002",-0.333
"Dec 23, 2002",0.14
"Dec 24, 2002",-0.007
"Dec 25, 2002",-0.254
"Dec 26, 2002",-0.228
"Dec 27, 2002",-0.314
"Dec 28, 2002",-0.3
"Dec 29, 2002",-0.318
"Dec 30, 2002",0.002
"Dec 31, 2002",-0.311
"Jan 1, 2003",-0.284
"Jan 2, 2003",-0.271
"Jan 3, 2003",-0.137
"Jan 4, 2003",-0.217
"Jan 5, 2003",-0.277
"Jan 6, 2003",-0.192
"Jan 7, 2003",-0.15
"Jan 8, 2003",-0.128
"Jan 9, 2003",-0.1
"Jan 10, 2003",-0.127
"Jan 11, 2003",-0.14
"Jan 12, 2003",-0.146
"Jan 13, 2003",-0.109
"Jan 14, 2003",-0.236
"Jan 15, 2003",-0.172
"Jan 16, 2003",-0.106
"Jan 17, 2003",0.028
"Jan 18, 2003",0.08
"Jan 19, 2003",-0.096
"Jan 20, 2003",-0.059
"Jan 21, 2003",-0.081
"Jan 22, 2003",-0.188
"Jan 23, 2003",-0.272
"Jan 24, 2003",-0.262
"Jan 25, 2003",-0.242
"Jan 26, 2003",-0.08
"Jan 27, 2003",0.185
"Jan 28, 2003",-0.3
"Jan 29, 2003",0.087
"Jan 30, 2003",0.057
"Jan 31, 2003",0.041
"Feb 1, 2003",
"Feb 2, 2003",-0.293
"Feb 3, 2003",-0.363
"Feb 4, 2003",-0.36
"Feb 5, 2003",-0.361
"Feb 6, 2003",-0.084
"Feb 7, 2003",-0.219
"Feb 8, 2003",-0.275
"Feb 9, 2003",-0.327
"Feb 10, 2003",-0.36
"Feb 11, 2003",-0.334
"Feb 12, 2003",-0.166
"Feb 13, 2003",-0.297
"Feb 14, 2003",-0.322
"Feb 15, 2003",-0.184
"Feb 16, 2003",0.265
"Feb 17, 2003",0.353
"Feb 18, 2003",0.236
"Feb 19, 2003",0.045
"Feb 20, 2003",-0.175
"Feb 21, 2003",-0.241
"Feb 22, 2003",-0.271
"Feb 23, 2003",0.139
"Feb 24, 2003",-0.329
"Feb 25, 2003",-0.264
"Feb 26, 2003",-0.28
"Feb 27, 2003",-0.093
"Feb 28, 2003",-0.136
"Mar 1, 2003",0.088
"Mar 2, 2003",-0.132
"Mar 3, 2003",-0.159
"Mar 4, 2003",-0.276
"Mar 5, 2003",-0.331
"Mar 6, 2003",-0.332
"Mar 7, 2003",-0.341
"Mar 8, 2003",-0.135
"Mar 9, 2003",0.043
"Mar 10, 2003",-0.299
"Mar 11, 2003",-0.263
"Mar 12, 2003",-0.346
"Mar 13, 2003",0.014
"Mar 14, 2003",0.029
"Mar 15, 2003",-0.252
"Mar 16, 2003",-0.283
"Mar 17, 2003",-0.335
"Mar 18, 2003",-0.25
"Mar 19, 2003",-0.323
"Mar 20, 2003",-0.23
"Mar 21, 2003",-0.33
"Mar 22, 2003",
"Mar 23, 2003",0.172
"Mar 24, 2003",-0.257
"Mar 25, 2003",-0.001
"Mar 26, 2003",-0.301
"Mar 27, 2003",-0.063
"Mar 28, 2003",0.32
"Mar 29, 2003",-0.216
"Mar 30, 2003",-0.315
"Mar 31, 2003",-0.298
"Apr 1, 2003",
"Apr 2, 2003",-0.181
"Apr 3, 2003",-0.211
"Apr 4, 2003",-0.35
"Apr 5, 2003",-0.32
"Apr 6, 2003",-0.346
"Apr 7, 2003",-0.303
"Apr 8, 2003",-0.308
"Apr 9, 2003",-0.312
"Apr 10, 2003",-0.289
"Apr 11, 2003",-0.306
"Apr 12, 2003",-0.275
"Apr 13, 2003",-0.343
"Apr 14, 2003",-0.167
"Apr 15, 2003",0.278
"Apr 16, 2003",-0.341
"Apr 17, 2003",-0.337
"Apr 18, 2003",0.035
"Apr 19, 2003",-0.205
"Apr 20, 2003",-0.335
"Apr 21, 2003",-0.336
"Apr 22, 2003",-0.338
"Apr 23, 2003",-0.273
"Apr 24, 2003",-0.221
"Apr 25, 2003",-0.274
"Apr 26, 2003",-0.037
"Apr 27, 2003",-0.313
"Apr 28, 2003",-0.327
"Apr 29, 2003",-0.356
"Apr 30, 2003",-0.335
"May 1, 2003",-0.317
"May 2, 2003",-0.257
"May 3, 2003",-0.3
"May 4, 2003",-0.34
"May 5, 2003",-0.298
"May 6, 2003",-0.333
"May 7, 2003",-0.298
"May 8, 2003",-0.332
"May 9, 2003",-0.3
"May 10, 2003",-0.073
"May 11, 2003",-0.324
"May 12, 2003",-0.087
"May 13, 2003",-0.316
"May 14, 2003",-0.269
"May 15, 2003",-0.318
"May 16, 2003",-0.29
"May 17, 2003",-0.324
"May 18, 2003",-0.323
"May 19, 2003",-0.301
"May 20, 2003",-0.325
"May 21, 2003",-0.193
"May 22, 2003",-0.256
"May 23, 2003",-0.215
"May 24, 2003",-0.05
"May 25, 2003",0.006
"May 26, 2003",-0.283
"May 27, 2003",-0.305
"May 28, 2003",-0.273
"May 29, 2003",-0.089
"May 30, 2003",-0.268
"May 31, 2003",-0.279
"Jun 1, 2003",-0.223
"Jun 2, 2003",-0.296
"Jun 3, 2003",-0.278
"Jun 4, 2003",-0.289
"Jun 5, 2003",-0.303
"Jun 6, 2003",-0.262
"Jun 7, 2003",-0.296
"Jun 8, 2003",-0.174
"Jun 9, 2003",-0.209
"Jun 10, 2003",-0.204
"Jun 11, 2003",-0.238
"Jun 12, 2003",-0.261
"Jun 13, 2003",-0.248
"Jun 14, 2003",-0.29
"Jun 15, 2003",-0.249
"Jun 16, 2003",-0.292
"Jun 17, 2003",-0.202
"Jun 18, 2003",-0.135
"Jun 19, 2003",-0.192
"Jun 20, 2003",-0.263
"Jun 21, 2003",-0.253
"Jun 22, 2003",-0.105
"Jun 23, 2003",-0.137
"Jun 24, 2003",-0.175
"Jun 25, 2003",-0.232
"Jun 26, 2003",-0.165
"Jun 27, 2003",-0.189
"Jun 28, 2003",-0.147
"Jun 29, 2003",-0.029
"Jun 30, 2003",-0.226
"Jul 1, 2003",-0.156
"Jul 2, 2003",-0.234
"Jul 3, 2003",-0.174
"Jul 4, 2003",-0.219
"Jul 5, 2003",-0.059
"Jul 6, 2003",-0.113
"Jul 7, 2003",0.064
"Jul 8, 2003",-0.118
"Jul 9, 2003",-0.187
"Jul 10, 2003",-0.019
"Jul 11, 2003",-0.203
"Jul 12, 2003",-0.148
"Jul 13, 2003",-0.029
"Jul 14, 2003",-0.184
"Jul 15, 2003",-0.202
"Jul 16, 2003",-0.004
"Jul 17, 2003",0.132
"Jul 18, 2003",-0.156
"Jul 19, 2003",-0.147
"Jul 20, 2003",-0.234
"Jul 21, 2003",0.153
"Jul 22, 2003",-0.012
"Jul 23, 2003",-0.108
"Jul 24, 2003",-0.105
"Jul 25, 2003",-0.191
"Jul 26, 2003",-0.024
"Jul 27, 2003",-0.222
"Jul 28, 2003",0.028
"Jul 29, 2003",-0.125
"Jul 30, 2003",-0.138
"Jul 31, 2003",-0.193
"Aug 1, 2003",-0.155
"Aug 2, 2003",-0.114
"Aug 3, 2003",-0.145
"Aug 4, 2003",-0.058
"Aug 5, 2003",-0.131
"Aug 6, 2003",-0.131
"Aug 7, 2003",-0.19
"Aug 8, 2003",-0.189
"Aug 9, 2003",-0.146
"Aug 10, 2003",-0.169
"Aug 11, 2003",-0.14
"Aug 12, 2003",-0.284
"Aug 13, 2003",-0.218
"Aug 14, 2003",-0.276
"Aug 15, 2003",-0.293
"Aug 16, 2003",-0.254
"Aug 17, 2003",-0.3
"Aug 18, 2003",-0.218
"Aug 19, 2003",-0.138
"Aug 20, 2003",-0.103
"Aug 21, 2003",-0.184
"Aug 22, 2003",-0.284
"Aug 23, 2003",-0.294
"Aug 24, 2003",-0.291
"Aug 25, 2003",-0.232
"Aug 26, 2003",-0.136
"Aug 27, 2003",0.007
"Aug 28, 2003",-0.131
"Aug 29, 2003",-0.09
"Aug 30, 2003",-0.179
"Aug 31, 2003",-0.215
"Sep 1, 2003",-0.283
"Sep 2, 2003",-0.287
"Sep 3, 2003",-0.171
"Sep 4, 2003",-0.229
"Sep 5, 2003",0.027
"Sep 6, 2003",-0.25
"Sep 7, 2003",-0.23
"Sep 8, 2003",-0.237
"Sep 9, 2003",-0.334
"Sep 10, 2003",-0.311
"Sep 11, 2003",-0.335
"Sep 12, 2003",-0.274
"Sep 13, 2003",-0.319
"Sep 14, 2003",-0.297
"Sep 15, 2003",-0.322
"Sep 16, 2003",-0.298
"Sep 17, 2003",-0.254
"Sep 18, 2003",-0.313
"Sep 19, 2003",-0.208
"Sep 20, 2003",-0.328
"Sep 21, 2003",-0.291
"Sep 22, 2003",-0.336
"Sep 23, 2003",-0.315
"Sep 24, 2003",-0.221
"Sep 25, 2003",-0.151
"Sep 26, 2003",-0.155
"Sep 27, 2003",-0.183
"Sep 28, 2003",-0.064
"Sep 29, 2003",-0.282
"Sep 30, 2003",-0.295
"Oct 1, 2003",-0.32
"Oct 2, 2003",-0.326
"Oct 3, 2003",-0.323
"Oct 4, 2003",-0.35
"Oct 5, 2003",-0.309
"Oct 6, 2003",-0.347
"Oct 7, 2003",-0.294
"Oct 8, 2003",-0.285
"Oct 9, 2003",-0.286
"Oct 10, 2003",-0.331
"Oct 11, 2003",-0.346
"Oct 12, 2003",-0.323
"Oct 13, 2003",-0.354
"Oct 14, 2003",-0.325
"Oct 15, 2003",-0.356
"Oct 16, 2003",-0.333
"Oct 17, 2003",-0.348
"Oct 18, 2003",-0.344
"Oct 19, 2003",-0.337
"Oct 20, 2003",-0.354
"Oct 21, 2003",-0.331
"Oct 22, 2003",-0.361
"Oct 23, 2003",-0.331
"Oct 24, 2003",-0.352
"Oct 25, 2003",-0.3
"Oct 26, 2003",-0.32
"Oct 27, 2003",-0.328
"Oct 28, 2003",-0.27
"Oct 29, 2003",-0.345
"Oct 30, 2003",-0.25
"Oct 31, 2003",-0.366
"Nov 1, 2003",-0.321
"Nov 2, 2003",-0.357
"Nov 3, 2003",-0.336
"Nov 4, 2003",-0.328
"Nov 5, 2003",-0.324
"Nov 6, 2003",-0.218
"Nov 7, 2003",-0.349
"Nov 8, 2003",-0.282
"Nov 9, 2003",-0.334
"Nov 10, 2003",-0.35
"Nov 11, 2003",-0.358
"Nov 12, 2003",-0.307
"Nov 13, 2003",-0.08
"Nov 14, 2003",-0.012
"Nov 15, 2003",0.033
"Nov 16, 2003",-0.182
"Nov 17, 2003",-0.226
"Nov 18, 2003",-0.345
"Nov 19, 2003",-0.336
"Nov 20, 2003",-0.354
"Nov 21, 2003",-0.36
"Nov 22, 2003",-0.335
"Nov 23, 2003",-0.354
"Nov 24, 2003",-0.252
"Nov 25, 2003",-0.352
"Nov 26, 2003",-0.345
"Nov 27, 2003",-0.341
"Nov 28, 2003",-0.344
"Nov 29, 2003",-0.323
"Nov 30, 2003",-0.229
"Dec 1, 2003",-0.171
"Dec 2, 2003",-0.341
"Dec 3, 2003",0.009
"Dec 4, 2003",-0.194
"Dec 5, 2003",-0.278
"Dec 6, 2003",-0.347
"Dec 7, 2003",-0.34
"Dec 8, 2003",-0.174
"Dec 9, 2003",-0.217
"Dec 10, 2003",-0.227
"Dec 11, 2003",-0.135
"Dec 12, 2003",-0.113
"Dec 13, 2003",-0.139
"Dec 14, 2003",-0.161
"Dec 15, 2003",-0.212
"Dec 16, 2003",-0.326
"Dec 24, 2003",
"Dec 25, 2003",-0.246
"Dec 26, 2003",-0.099
"Dec 27, 2003",-0.33
"Dec 28, 2003",-0.236
"Dec 29, 2003",-0.258
"Dec 30, 2003",-0.212
"Dec 31, 2003",-0.218
"Jan 1, 2004",-0.187
"Jan 2, 2004",-0.1
"Jan 3, 2004",-0.149
"Jan 4, 2004",-0.114
"Jan 5, 2004",-0.002
"Jan 6, 2004",-0.27
"Jan 7, 2004",-0.305
"Jan 8, 2004",-0.113
"Jan 9, 2004",-0.231
"Jan 10, 2004",-0.311
"Jan 11, 2004",-0.303
"Jan 12, 2004",-0.298
"Jan 13, 2004",-0.274
"Jan 14, 2004",-0.282
"Jan 15, 2004",-0.09
"Jan 16, 2004",-0.204
"Jan 17, 2004",-0.048
"Jan 18, 2004",-0.19
"Jan 19, 2004",-0.1
"Jan 20, 2004",0.239
"Jan 21, 2004",0.392
"Jan 22, 2004",0.108
"Jan 23, 2004",-0.04
"Jan 24, 2004",-0.244
"Jan 25, 2004",-0.174
"Jan 26, 2004",-0.351
"Jan 27, 2004",-0.323
"Jan 28, 2004",0.004
"Jan 29, 2004",0.289
"Jan 30, 2004",0.115
"Jan 31, 2004",-0.142
"Feb 1, 2004",-0.235
"Feb 2, 2004",-0.328
"Feb 3, 2004",-0.272
"Feb 4, 2004",-0.362
"Feb 5, 2004",-0.353
"Feb 6, 2004",-0.367
"Feb 7, 2004",-0.364
"Feb 8, 2004",0.005
"Feb 9, 2004",0.179
"Feb 10, 2004",-0.21
"Feb 11, 2004",-0.364
"Feb 12, 2004",-0.372
"Feb 13, 2004",-0.339
"Feb 14, 2004",-0.367
"Feb 15, 2004",-0.291
"Feb 16, 2004",-0.357
"Feb 17, 2004",-0.092
"Feb 18, 2004",-0.259
"Feb 19, 2004",
"Feb 20, 2004",-0.359
"Feb 21, 2004",-0.186
"Feb 22, 2004",-0.36
"Feb 23, 2004",-0.341
"Feb 24, 2004",-0.267
"Feb 25, 2004",-0.358
"Feb 26, 2004",-0.266
"Feb 27, 2004",-0.309
"Feb 28, 2004",-0.343
"Feb 29, 2004",-0.361
"Mar 1, 2004",-0.371
"Mar 2, 2004",-0.36
"Mar 3, 2004",-0.372
"Mar 4, 2004",-0.339
"Mar 5, 2004",-0.335
"Mar 6, 2004",-0.321
"Mar 7, 2004",-0.268
"Mar 8, 2004",-0.299
"Mar 9, 2004",-0.358
"Mar 10, 2004",-0.344
"Mar 11, 2004",-0.302
"Mar 12, 2004",-0.339
"Mar 13, 2004",-0.246
"Mar 14, 2004",-0.324
"Mar 15, 2004",-0.276
"Mar 16, 2004",-0.325
"Mar 17, 2004",-0.332
"Mar 18, 2004",-0.277
"Mar 19, 2004",-0.329
"Mar 20, 2004",-0.231
"Mar 21, 2004",-0.334
"Mar 22, 2004",0.035
"Mar 23, 2004",-0.296
"Mar 24, 2004",-0.325
"Mar 25, 2004",-0.341
"Mar 26, 2004",-0.352
"Mar 27, 2004",-0.336
"Mar 28, 2004",-0.354
"Mar 29, 2004",-0.313
"Mar 30, 2004",-0.358
"Mar 31, 2004",-0.321
"Apr 1, 2004",0.078
"Apr 2, 2004",-0.29
"Apr 3, 2004",-0.26
"Apr 4, 2004",-0.155
"Apr 5, 2004",-0.298
"Apr 6, 2004",-0.333
"Apr 7, 2004",-0.218
"Apr 8, 2004",-0.347
"Apr 9, 2004",-0.261
"Apr 10, 2004",-0.058
"Apr 11, 2004",-0.306
"Apr 12, 2004",-0.319
"Apr 13, 2004",-0.311
"Apr 14, 2004",-0.29
"Apr 15, 2004",-0.194
"Apr 16, 2004",0.015
"Apr 17, 2004",-0.271
"Apr 18, 2004",-0.294
"Apr 19, 2004",-0.301
"Apr 20, 2004",-0.086
"Apr 21, 2004",0.049
"Apr 22, 2004",0.246
"Apr 23, 2004",-0.263
"Apr 24, 2004",-0.358
"Apr 25, 2004",-0.349
"Apr 26, 2004",-0.332
"Apr 27, 2004",-0.318
"Apr 28, 2004",-0.179
"Apr 29, 2004",-0.084
"Apr 30, 2004",-0.022
"May 1, 2004",-0.282
"May 2, 2004",-0.281
"May 3, 2004",-0.309
"May 4, 2004",-0.317
"May 5, 2004",-0.341
"May 6, 2004",-0.349
"May 7, 2004",-0.207
"May 8, 2004",-0.18
"May 9, 2004",-0.283
"May 10, 2004",-0.33
"May 11, 2004",-0.317
"May 12, 2004",-0.321
"May 13, 2004",-0.332
"May 14, 2004",-0.308
"May 15, 2004",-0.321
"May 16, 2004",-0.269
"May 17, 2004",-0.303
"May 18, 2004",-0.305
"May 19, 2004",-0.32
"May 20, 2004",-0.304
"May 21, 2004",-0.302
"May 22, 2004",-0.321
"May 23, 2004",-0.166
"May 24, 2004",-0.266
"May 25, 2004",-0.19
"May 26, 2004",-0.237
"May 27, 2004",0.007
"May 28, 2004",-0.249
"May 29, 2004",-0.306
"May 30, 2004",-0.278
"May 31, 2004",-0.213
"Jun 1, 2004",-0.183
"Jun 2, 2004",-0.249
"Jun 3, 2004",-0.263
"Jun 4, 2004",-0.307
"Jun 5, 2004",-0.303
"Jun 6, 2004",-0.281
"Jun 7, 2004",-0.2
"Jun 8, 2004",-0.179
"Jun 9, 2004",-0.278
"Jun 10, 2004",-0.212
"Jun 11, 2004",-0.261
"Jun 12, 2004",-0.27
"Jun 13, 2004",-0.293
"Jun 14, 2004",-0.269
"Jun 15, 2004",-0.052
"Jun 16, 2004",-0.273
"Jun 17, 2004",-0.173
"Jun 18, 2004",-0.155
"Jun 19, 2004",-0.109
"Jun 20, 2004",-0.032
"Jun 21, 2004",-0.227
"Jun 22, 2004",-0.004
"Jun 23, 2004",-0.259
"Jun 24, 2004",0.096
"Jun 25, 2004",-0.242
"Jun 26, 2004",-0.152
"Jun 27, 2004",-0.272
"Jun 28, 2004",-0.272
"Jun 29, 2004",-0.26
"Jun 30, 2004",-0.278
"Jul 1, 2004",-0.246
"Jul 2, 2004",-0.279
"Jul 3, 2004",-0.18
"Jul 4, 2004",-0.228
"Jul 5, 2004",-0.126
"Jul 6, 2004",-0.24
"Jul 7, 2004",-0.183
"Jul 8, 2004",-0.141
"Jul 9, 2004",-0.161
"Jul 10, 2004",-0.136
"Jul 11, 2004",-0.224
"Jul 12, 2004",-0.162
"Jul 13, 2004",-0.235
"Jul 14, 2004",-0.199
"Jul 15, 2004",-0.222
"Jul 16, 2004",-0.197
"Jul 17, 2004",-0.189
"Jul 18, 2004",-0.262
"Jul 19, 2004",-0.136
"Jul 20, 2004",-0.223
"Jul 21, 2004",-0.161
"Jul 22, 2004",-0.2
"Jul 23, 2004",-0.228
"Jul 24, 2004",-0.242
"Jul 25, 2004",-0.268
"Jul 26, 2004",-0.192
"Jul 27, 2004",-0.202
"Jul 28, 2004",-0.116
"Jul 29, 2004",-0.19
"Jul 30, 2004",-0.073
"Jul 31, 2004",-0.123
"Aug 1, 2004",0.03
"Aug 2, 2004",-0.135
"Aug 3, 2004",-0.069
"Aug 4, 2004",-0.162
"Aug 5, 2004",-0.247
"Aug 6, 2004",-0.171
"Aug 7, 2004",-0.267
"Aug 8, 2004",0.063
"Aug 9, 2004",0.086
"Aug 10, 2004",-0.171
"Aug 11, 2004",0.002
"Aug 12, 2004",-0.258
"Aug 13, 2004",-0.162
"Aug 14, 2004",-0.248
"Aug 15, 2004",-0.14
"Aug 16, 2004",-0.24
"Aug 17, 2004",-0.053
"Aug 18, 2004",-0.091
"Aug 19, 2004",-0.155
"Aug 20, 2004",-0.029
"Aug 21, 2004",-0.27
"Aug 22, 2004",0.032
"Aug 23, 2004",-0.288
"Aug 24, 2004",-0.265
"Aug 25, 2004",-0.171
"Aug 26, 2004",-0.289
"Aug 27, 2004",-0.118
"Aug 28, 2004",-0.308
"Aug 29, 2004",-0.191
"Aug 30, 2004",-0.299
"Aug 31, 2004",-0.248
"Sep 1, 2004",-0.273
"Sep 2, 2004",-0.319
"Sep 3, 2004",-0.284
"Sep 4, 2004",-0.326
"Sep 5, 2004",-0.263
"Sep 6, 2004",-0.336
"Sep 7, 2004",-0.328
"Sep 8, 2004",-0.344
"Sep 9, 2004",-0.337
"Sep 10, 2004",-0.304
"Sep 11, 2004",-0.308
"Sep 12, 2004",-0.236
"Sep 13, 2004",-0.308
"Sep 14, 2004",-0.266
"Sep 15, 2004",-0.241
"Sep 16, 2004",0.103
"Sep 17, 2004",-0.257
"Sep 18, 2004",-0.256
"Sep 19, 2004",-0.29
"Sep 20, 2004",-0.336
"Sep 21, 2004",-0.186
"Sep 22, 2004",-0.286
"Sep 23, 2004",-0.274
"Sep 24, 2004",-0.339
"Sep 25, 2004",-0.288
"Sep 26, 2004",-0.3
"Sep 27, 2004",-0.268
"Sep 28, 2004",-0.265
"Sep 29, 2004",-0.277
"Sep 30, 2004",-0.264
"Oct 1, 2004",0.036
"Oct 2, 2004",0.253
"Oct 3, 2004",-0.023
"Oct 4, 2004",-0.361
"Oct 5, 2004",-0.36
"Oct 6, 2004",-0.368
"Oct 7, 2004",-0.337
"Oct 8, 2004",-0.349
"Oct 9, 2004",-0.14
"Oct 10, 2004",-0.085
"Oct 11, 2004",-0.143
"Oct 12, 2004",-0.196
"Oct 13, 2004",-0.142
"Oct 14, 2004",-0.279
"Oct 15, 2004",-0.331
"Oct 16, 2004",-0.271
"Oct 17, 2004",-0.312
"Oct 18, 2004",-0.28
"Oct 19, 2004",-0.225
"Oct 20, 2004",-0.259
"Oct 21, 2004",-0.283
"Oct 22, 2004",-0.36
"Oct 23, 2004",-0.327
"Oct 24, 2004",-0.357
"Oct 25, 2004",-0.26
"Oct 26, 2004",-0.225
"Oct 27, 2004",-0.284
"Oct 28, 2004",-0.08
"Oct 29, 2004",-0.33
"Oct 30, 2004",-0.337
"Oct 31, 2004",-0.358
"Nov 1, 2004",-0.275
"Nov 2, 2004",-0.355
"Nov 3, 2004",-0.33
"Nov 4, 2004",-0.361
"Nov 5, 2004",-0.351
"Nov 6, 2004",-0.347
"Nov 7, 2004",-0.358
"Nov 8, 2004",-0.325
"Nov 9, 2004",-0.359
"Nov 10, 2004",-0.282
"Nov 11, 2004",-0.343
"Nov 12, 2004",-0.21
"Nov 13, 2004",-0.324
"Nov 14, 2004",-0.343
"Nov 15, 2004",-0.319
"Nov 16, 2004",-0.267
"Nov 17, 2004",-0.013
"Nov 18, 2004",-0.356
"Nov 19, 2004",-0.112
"Nov 20, 2004",-0.212
"Nov 21, 2004",-0.244
"Nov 22, 2004",-0.19
"Nov 23, 2004",-0.315
"Nov 24, 2004",-0.241
"Nov 25, 2004",-0.23
"Nov 26, 2004",-0.09
"Nov 27, 2004",-0.201
"Nov 28, 2004",-0.103
"Nov 29, 2004",-0.161
"Nov 30, 2004",-0.226
"Dec 1, 2004",-0.255
"Dec 2, 2004",-0.323
"Dec 3, 2004",-0.253
"Dec 4, 2004",-0.326
"Dec 5, 2004",-0.337
"Dec 6, 2004",-0.276
"Dec 7, 2004",-0.284
"Dec 8, 2004",-0.335
"Dec 9, 2004",-0.256
"Dec 10, 2004",-0.236
"Dec 11, 2004",-0.126
"Dec 12, 2004",-0.245
"Dec 13, 2004",-0.27
"Dec 14, 2004",-0.258
"Dec 15, 2004",-0.349
"Dec 16, 2004",-0.181
"Dec 17, 2004",-0.206
"Dec 18, 2004",-0.308
"Dec 19, 2004",0.008
"Dec 20, 2004",-0.189
"Dec 21, 2004",-0.274
"Dec 22, 2004",-0.276
"Dec 23, 2004",-0.273
"Dec 24, 2004",-0.198
"Dec 25, 2004",-0.27
"Dec 26, 2004",-0.284
"Dec 27, 2004",-0.162
"Dec 28, 2004",0.02
"Dec 29, 2004",-0.147
"Dec 30, 2004",0.031
"Dec 31, 2004",0.263
