system:time_start, LST_Day_1km
"Feb 24, 2000"   ,        
"Feb 25, 2000"   ,        
"Feb 26, 2000"   ,      35.091
"Feb 27, 2000"   ,      33.233
"Feb 28, 2000"   ,      36.152
"Feb 29, 2000"   ,      34.785
"Mar 1, 2000"    ,      32.21
"Mar 2, 2000"    ,      33.134
"Mar 3, 2000"    ,      31.739
"Mar 4, 2000"    ,      26.668
"Mar 5, 2000"    ,      32.417
"Mar 6, 2000"    ,      30.141
"Mar 7, 2000"    ,      31.885
"Mar 8, 2000"    ,      36.651
"Mar 9, 2000"    ,      35.301
"Mar 10, 2000"   ,      34.085
"Mar 11, 2000"   ,      36.959
"Mar 12, 2000"   ,      35.207
"Mar 13, 2000"   ,      38.953
"Mar 14, 2000"   ,      35.71
"Mar 15, 2000"   ,      37.817
"Mar 16, 2000"   ,      34.101
"Mar 17, 2000"   ,      36.27
"Mar 18, 2000"   ,      37.28
"Mar 19, 2000"   ,      37.931
"Mar 20, 2000"   ,      39.724
"Mar 21, 2000"   ,      33.508
"Mar 22, 2000"   ,      36.118
"Mar 23, 2000"   ,      34.132
"Mar 24, 2000"   ,      40.587
"Mar 25, 2000"   ,      39.728
"Mar 26, 2000"   ,      40.628
"Mar 27, 2000"   ,      41.279
"Mar 28, 2000"   ,      34.663
"Mar 29, 2000"   ,      29.711
"Mar 30, 2000"   ,      32.761
"Mar 31, 2000"   ,      38.324
"Apr 1, 2000"    ,      40.064
"Apr 2, 2000"    ,      44.394
"Apr 3, 2000"    ,      43.244
"Apr 4, 2000"    ,      43.564
"Apr 5, 2000"    ,      46.148
"Apr 6, 2000"    ,      43.813
"Apr 7, 2000"    ,      45.358
"Apr 8, 2000"    ,      43.252
"Apr 9, 2000"    ,      46.693
"Apr 10, 2000"   ,      49.026
"Apr 11, 2000"   ,      51.011
"Apr 12, 2000"   ,      50.591
"Apr 13, 2000"   ,      43.346
"Apr 14, 2000"   ,      45.894
"Apr 15, 2000"   ,      46.174
"Apr 16, 2000"   ,      50.318
"Apr 17, 2000"   ,      47.898
"Apr 18, 2000"   ,      47.928
"Apr 19, 2000"   ,      46.784
"Apr 20, 2000"   ,      42.656
"Apr 21, 2000"   ,      49.007
"Apr 22, 2000"   ,      44.462
"Apr 23, 2000"   ,      49.35
"Apr 24, 2000"   ,      47.809
"Apr 25, 2000"   ,      49.962
"Apr 28, 2000"   ,        
"Apr 29, 2000"   ,      48.78
"Apr 30, 2000"   ,      51.357
"May 1, 2000"    ,      50.19
"May 2, 2000"    ,      54.577
"May 3, 2000"    ,      51.368
"May 4, 2000"    ,      50.255
"May 5, 2000"    ,      48.865
"May 6, 2000"    ,      48.952
"May 7, 2000"    ,      54.165
"May 8, 2000"    ,      50.707
"May 9, 2000"    ,      53.625
"May 10, 2000"   ,      50.562
"May 11, 2000"   ,      52.123
"May 12, 2000"   ,      46.455
"May 13, 2000"   ,      46.313
"May 14, 2000"   ,      46.963
"May 15, 2000"   ,      48.912
"May 16, 2000"   ,      53.106
"May 17, 2000"   ,      48.193
"May 18, 2000"   ,      50.777
"May 19, 2000"   ,      47.625
"May 20, 2000"   ,      53.939
"May 21, 2000"   ,      52.837
"May 22, 2000"   ,      49.524
"May 23, 2000"   ,      50.912
"May 24, 2000"   ,      50.124
"May 25, 2000"   ,      53.023
"May 26, 2000"   ,      51.856
"May 27, 2000"   ,      55.394
"May 28, 2000"   ,      52.588
"May 29, 2000"   ,        
"May 30, 2000"   ,      49.928
"May 31, 2000"   ,      46.666
"Jun 1, 2000"    ,      52.461
"Jun 2, 2000"    ,      44.724
"Jun 3, 2000"    ,      47.142
"Jun 4, 2000"    ,      47.626
"Jun 5, 2000"    ,      48.564
"Jun 6, 2000"    ,      48.401
"Jun 7, 2000"    ,      48.745
"Jun 8, 2000"    ,      51.407
"Jun 9, 2000"    ,      46.923
"Jun 10, 2000"   ,      49.239
"Jun 11, 2000"   ,      46.976
"Jun 12, 2000"   ,      52.206
"Jun 13, 2000"   ,      48.589
"Jun 14, 2000"   ,      43.953
"Jun 15, 2000"   ,      40.923
"Jun 16, 2000"   ,      41.233
"Jun 17, 2000"   ,      48.117
"Jun 18, 2000"   ,      45.658
"Jun 19, 2000"   ,      51.593
"Jun 20, 2000"   ,      48.695
"Jun 21, 2000"   ,      51.399
"Jun 22, 2000"   ,      49.439
"Jun 23, 2000"   ,      46.387
"Jun 24, 2000"   ,      49.485
"Jun 25, 2000"   ,      47.329
"Jun 26, 2000"   ,      51.151
"Jun 27, 2000"   ,      40.219
"Jun 28, 2000"   ,      48.671
"Jun 29, 2000"   ,      43.92
"Jun 30, 2000"   ,      42.362
"Jul 1, 2000"    ,      42.898
"Jul 2, 2000"    ,      40.816
"Jul 3, 2000"    ,      46.449
"Jul 4, 2000"    ,      43.919
"Jul 5, 2000"    ,      48.215
"Jul 6, 2000"    ,      45.005
"Jul 7, 2000"    ,      48.075
"Jul 8, 2000"    ,      47.72
"Jul 9, 2000"    ,      47.669
"Jul 10, 2000"   ,      48.382
"Jul 11, 2000"   ,      41.679
"Jul 12, 2000"   ,      49.388
"Jul 13, 2000"   ,      47.099
"Jul 14, 2000"   ,      45.184
"Jul 15, 2000"   ,      44.718
"Jul 16, 2000"   ,      44.073
"Jul 17, 2000"   ,      41.075
"Jul 18, 2000"   ,      38.67
"Jul 19, 2000"   ,      46.785
"Jul 20, 2000"   ,      40.774
"Jul 21, 2000"   ,      47.365
"Jul 22, 2000"   ,      44.233
"Jul 23, 2000"   ,      46.771
"Jul 24, 2000"   ,      43.92
"Jul 25, 2000"   ,      44.662
"Jul 26, 2000"   ,      47.806
"Jul 27, 2000"   ,      45.463
"Jul 28, 2000"   ,      48.416
"Jul 29, 2000"   ,      48.333
"Jul 30, 2000"   ,      51.151
"Jul 31, 2000"   ,      46.249
"Aug 1, 2000"    ,      43.546
"Aug 2, 2000"    ,      44.524
"Aug 3, 2000"    ,      44.05
"Aug 4, 2000"    ,      47.2
"Aug 5, 2000"    ,      40.313
"Aug 18, 2000"   ,        
"Aug 19, 2000"   ,      35.512
"Aug 20, 2000"   ,      43.179
"Aug 21, 2000"   ,      42.839
"Aug 22, 2000"   ,      47.985
"Aug 23, 2000"   ,      43.406
"Aug 24, 2000"   ,      48.378
"Aug 25, 2000"   ,      46.667
"Aug 26, 2000"   ,      47.097
"Aug 27, 2000"   ,      48.429
"Aug 28, 2000"   ,      46.527
"Aug 29, 2000"   ,      50.274
"Aug 30, 2000"   ,      45.94
"Aug 31, 2000"   ,      46.632
"Sep 1, 2000"    ,      44.738
"Sep 2, 2000"    ,      46.572
"Sep 3, 2000"    ,      46.655
"Sep 4, 2000"    ,      44.868
"Sep 5, 2000"    ,      48.716
"Sep 6, 2000"    ,      44.677
"Sep 7, 2000"    ,      47.699
"Sep 8, 2000"    ,      44.549
"Sep 9, 2000"    ,      45.333
"Sep 10, 2000"   ,      43.634
"Sep 11, 2000"   ,      44.548
"Sep 12, 2000"   ,      46.576
"Sep 13, 2000"   ,      43.938
"Sep 14, 2000"   ,      49.129
"Sep 15, 2000"   ,      45.903
"Sep 16, 2000"   ,      48.241
"Sep 17, 2000"   ,      46.41
"Sep 18, 2000"   ,        
"Sep 19, 2000"   ,      45.955
"Sep 20, 2000"   ,      41.017
"Sep 21, 2000"   ,      43.665
"Sep 22, 2000"   ,      44.539
"Sep 23, 2000"   ,      47.116
"Sep 24, 2000"   ,      45.256
"Sep 25, 2000"   ,      45.823
"Sep 26, 2000"   ,      42.998
"Sep 27, 2000"   ,      43.81
"Sep 28, 2000"   ,      45.91
"Sep 29, 2000"   ,      45.129
"Sep 30, 2000"   ,      47.04
"Oct 1, 2000"    ,      43.656
"Oct 2, 2000"    ,      45.558
"Oct 3, 2000"    ,      44.695
"Oct 4, 2000"    ,      45.227
"Oct 5, 2000"    ,      42.536
"Oct 6, 2000"    ,      39.292
"Oct 7, 2000"    ,      41.952
"Oct 8, 2000"    ,      40.509
"Oct 9, 2000"    ,      43.36
"Oct 10, 2000"   ,      42.49
"Oct 11, 2000"   ,      43.806
"Oct 12, 2000"   ,      43.702
"Oct 13, 2000"   ,      43.726
"Oct 14, 2000"   ,      44.678
"Oct 15, 2000"   ,      43.933
"Oct 16, 2000"   ,      44.578
"Oct 17, 2000"   ,      43.395
"Oct 18, 2000"   ,      45.014
"Oct 19, 2000"   ,      43.221
"Oct 20, 2000"   ,      43.588
"Oct 21, 2000"   ,      44.159
"Oct 22, 2000"   ,      41.712
"Oct 23, 2000"   ,      41.47
"Oct 24, 2000"   ,      41.535
"Oct 25, 2000"   ,      42.053
"Oct 26, 2000"   ,      41.268
"Oct 27, 2000"   ,        
"Oct 28, 2000"   ,      42.124
"Oct 29, 2000"   ,      42.419
"Oct 30, 2000"   ,      36.245
"Oct 31, 2000"   ,      35.688
"Nov 1, 2000"    ,      39.779
"Nov 2, 2000"    ,      38.635
"Nov 3, 2000"    ,      38.689
"Nov 4, 2000"    ,      38.357
"Nov 5, 2000"    ,      37.829
"Nov 6, 2000"    ,      35.846
"Nov 7, 2000"    ,      33.227
"Nov 8, 2000"    ,      34.078
"Nov 9, 2000"    ,      32.054
"Nov 10, 2000"   ,      35.325
"Nov 11, 2000"   ,      33.756
"Nov 12, 2000"   ,      31.158
"Nov 13, 2000"   ,      30.923
"Nov 14, 2000"   ,      32.269
"Nov 15, 2000"   ,      31.455
"Nov 16, 2000"   ,      32.163
"Nov 17, 2000"   ,      29.23
"Nov 18, 2000"   ,      23.343
"Nov 19, 2000"   ,      29.915
"Nov 20, 2000"   ,      30.99
"Nov 21, 2000"   ,      31.453
"Nov 22, 2000"   ,      32.918
"Nov 23, 2000"   ,      28.71
"Nov 24, 2000"   ,      30.699
"Nov 25, 2000"   ,        
"Nov 26, 2000"   ,      19.898
"Nov 27, 2000"   ,        
"Nov 28, 2000"   ,      21.874
"Nov 29, 2000"   ,      28.764
"Nov 30, 2000"   ,      26.827
"Dec 1, 2000"    ,      28.986
"Dec 2, 2000"    ,      30.189
"Dec 3, 2000"    ,      31.018
"Dec 4, 2000"    ,      29.9
"Dec 5, 2000"    ,      29.677
"Dec 6, 2000"    ,      27.538
"Dec 7, 2000"    ,      28.159
"Dec 8, 2000"    ,      29.163
"Dec 9, 2000"    ,      25.085
"Dec 10, 2000"   ,      28.505
"Dec 11, 2000"   ,      28.257
"Dec 12, 2000"   ,      26.139
"Dec 13, 2000"   ,      29.108
"Dec 14, 2000"   ,      29.234
"Dec 15, 2000"   ,        
"Dec 16, 2000"   ,      23.964
"Dec 17, 2000"   ,      21.694
"Dec 18, 2000"   ,      23.737
"Dec 19, 2000"   ,      23.076
"Dec 20, 2000"   ,      24.719
"Dec 21, 2000"   ,      25.224
"Dec 22, 2000"   ,      24.432
"Dec 23, 2000"   ,      26.289
"Dec 24, 2000"   ,      27.06
"Dec 25, 2000"   ,      27.653
"Dec 26, 2000"   ,      28.36
"Dec 27, 2000"   ,      26.475
"Dec 28, 2000"   ,      23.266
"Dec 29, 2000"   ,      22.372
"Dec 30, 2000"   ,      22.072
"Dec 31, 2000"   ,      23.607
"Jan 1, 2001"    ,      23.076
"Jan 2, 2001"    ,      24.884
"Jan 3, 2001"    ,      25.08
"Jan 4, 2001"    ,      24.788
"Jan 5, 2001"    ,      25.485
"Jan 6, 2001"    ,      24.614
"Jan 7, 2001"    ,      23.729
"Jan 8, 2001"    ,      23.02
"Jan 9, 2001"    ,      23.133
"Jan 10, 2001"   ,      23.177
"Jan 11, 2001"   ,      25.66
"Jan 12, 2001"   ,      25.744
"Jan 13, 2001"   ,      26.01
"Jan 14, 2001"   ,      26.188
"Jan 15, 2001"   ,      26.734
"Jan 16, 2001"   ,      27.264
"Jan 17, 2001"   ,      27.244
"Jan 18, 2001"   ,      25.866
"Jan 19, 2001"   ,      26.746
"Jan 20, 2001"   ,      25.872
"Jan 21, 2001"   ,      24.835
"Jan 22, 2001"   ,      22.501
"Jan 23, 2001"   ,      24.307
"Jan 24, 2001"   ,      25.932
"Jan 25, 2001"   ,      26.86
"Jan 26, 2001"   ,      25.561
"Jan 27, 2001"   ,      27.503
"Jan 28, 2001"   ,      25.226
"Jan 29, 2001"   ,      22.422
"Jan 30, 2001"   ,      19.272
"Jan 31, 2001"   ,      21.641
"Feb 1, 2001"    ,      23.258
"Feb 2, 2001"    ,      26.552
"Feb 3, 2001"    ,      27.554
"Feb 4, 2001"    ,      26.425
"Feb 5, 2001"    ,      27.959
"Feb 6, 2001"    ,      27.264
"Feb 7, 2001"    ,      28.054
"Feb 8, 2001"    ,      29.467
"Feb 9, 2001"    ,      28.707
"Feb 10, 2001"   ,      28.081
"Feb 11, 2001"   ,      26.582
"Feb 12, 2001"   ,        
"Feb 13, 2001"   ,      26.322
"Feb 14, 2001"   ,      25.161
"Feb 15, 2001"   ,      23.86
"Feb 16, 2001"   ,      26.761
"Feb 17, 2001"   ,      30.841
"Feb 18, 2001"   ,      27.804
"Feb 19, 2001"   ,      32.395
"Feb 20, 2001"   ,      27.628
"Feb 21, 2001"   ,      32.585
"Feb 22, 2001"   ,      30.921
"Feb 23, 2001"   ,      33.08
"Feb 24, 2001"   ,      30.157
"Feb 25, 2001"   ,      29.853
"Feb 26, 2001"   ,      32.827
"Feb 27, 2001"   ,      30.319
"Feb 28, 2001"   ,      32.664
"Mar 1, 2001"    ,      30.76
"Mar 2, 2001"    ,      32.22
"Mar 3, 2001"    ,      32.214
"Mar 4, 2001"    ,      35.531
"Mar 5, 2001"    ,      34.205
"Mar 6, 2001"    ,      34.61
"Mar 7, 2001"    ,      38.152
"Mar 8, 2001"    ,      37.01
"Mar 9, 2001"    ,      38.095
"Mar 10, 2001"   ,      38.15
"Mar 11, 2001"   ,      38.681
"Mar 12, 2001"   ,      33.999
"Mar 13, 2001"   ,      33.652
"Mar 14, 2001"   ,      34.743
"Mar 15, 2001"   ,      37.51
"Mar 16, 2001"   ,      39.148
"Mar 17, 2001"   ,      38.395
"Mar 18, 2001"   ,      39.482
"Mar 19, 2001"   ,      38.184
"Mar 20, 2001"   ,      36.594
"Mar 21, 2001"   ,      36.211
"Mar 22, 2001"   ,      40.176
"Mar 23, 2001"   ,      37.459
"Mar 24, 2001"   ,      39.82
"Mar 25, 2001"   ,      39.456
"Mar 26, 2001"   ,      37.529
"Mar 27, 2001"   ,      35.515
"Mar 28, 2001"   ,      32.652
"Mar 29, 2001"   ,      33.865
"Mar 30, 2001"   ,      38.312
"Mar 31, 2001"   ,      39.167
"Apr 1, 2001"    ,      42.876
"Apr 2, 2001"    ,      39.877
"Apr 3, 2001"    ,      41.173
"Apr 4, 2001"    ,      41.14
"Apr 5, 2001"    ,      46.432
"Apr 6, 2001"    ,      46.16
"Apr 7, 2001"    ,      46.018
"Apr 8, 2001"    ,      47.715
"Apr 9, 2001"    ,      44.407
"Apr 10, 2001"   ,      45.969
"Apr 11, 2001"   ,      46.641
"Apr 12, 2001"   ,      44.54
"Apr 13, 2001"   ,      43.501
"Apr 14, 2001"   ,      40.95
"Apr 15, 2001"   ,      42.075
"Apr 16, 2001"   ,      39.336
"Apr 17, 2001"   ,      42.207
"Apr 18, 2001"   ,      34.369
"Apr 19, 2001"   ,      33.973
"Apr 20, 2001"   ,      38.19
"Apr 21, 2001"   ,      43.71
"Apr 22, 2001"   ,      44.053
"Apr 23, 2001"   ,      43.106
"Apr 24, 2001"   ,      47.108
"Apr 25, 2001"   ,      43.015
"Apr 26, 2001"   ,      49.422
"Apr 27, 2001"   ,      47.851
"Apr 28, 2001"   ,      49.626
"Apr 29, 2001"   ,      47.379
"Apr 30, 2001"   ,      46.608
"May 1, 2001"    ,      48.867
"May 2, 2001"    ,      44.588
"May 3, 2001"    ,      52.004
"May 4, 2001"    ,      51.183
"May 5, 2001"    ,      53.958
"May 6, 2001"    ,      47.123
"May 7, 2001"    ,      51.325
"May 8, 2001"    ,      49.289
"May 9, 2001"    ,      49.785
"May 10, 2001"   ,      53.078
"May 11, 2001"   ,      51.091
"May 12, 2001"   ,      52.847
"May 13, 2001"   ,      46.867
"May 14, 2001"   ,      51.301
"May 15, 2001"   ,      48.786
"May 16, 2001"   ,      49.72
"May 17, 2001"   ,      50.061
"May 18, 2001"   ,      47.128
"May 19, 2001"   ,      45.135
"May 20, 2001"   ,      39.694
"May 21, 2001"   ,      49.577
"May 22, 2001"   ,      46.935
"May 23, 2001"   ,      50.724
"May 24, 2001"   ,      50.428
"May 25, 2001"   ,      51.218
"May 26, 2001"   ,      52.695
"May 27, 2001"   ,      45.289
"May 28, 2001"   ,      47.44
"May 29, 2001"   ,      42.684
"May 30, 2001"   ,      49.657
"May 31, 2001"   ,      49.783
"Jun 1, 2001"    ,      50.834
"Jun 2, 2001"    ,      48.064
"Jun 3, 2001"    ,      41.844
"Jun 4, 2001"    ,      44.695
"Jun 5, 2001"    ,      44.579
"Jun 6, 2001"    ,      47.26
"Jun 7, 2001"    ,      48.332
"Jun 8, 2001"    ,      51.487
"Jun 9, 2001"    ,      49.954
"Jun 10, 2001"   ,      48.965
"Jun 11, 2001"   ,      50.142
"Jun 12, 2001"   ,      42.869
"Jun 13, 2001"   ,      45.788
"Jun 14, 2001"   ,      37.139
"Jun 15, 2001"   ,        
"Jul 3, 2001"    ,        
"Jul 4, 2001"    ,      37.466
"Jul 5, 2001"    ,      29.934
"Jul 6, 2001"    ,      37.105
"Jul 7, 2001"    ,      39.638
"Jul 8, 2001"    ,      43.229
"Jul 9, 2001"    ,      38.066
"Jul 10, 2001"   ,      39.995
"Jul 11, 2001"   ,      40.479
"Jul 12, 2001"   ,      41.311
"Jul 13, 2001"   ,      43.493
"Jul 14, 2001"   ,      35.753
"Jul 15, 2001"   ,      39.801
"Jul 16, 2001"   ,      36.524
"Jul 17, 2001"   ,      39.912
"Jul 18, 2001"   ,      41.773
"Jul 19, 2001"   ,      43.237
"Jul 20, 2001"   ,      42.221
"Jul 21, 2001"   ,      42.008
"Jul 22, 2001"   ,      41.345
"Jul 23, 2001"   ,      37.09
"Jul 24, 2001"   ,      42.177
"Jul 25, 2001"   ,      42.438
"Jul 26, 2001"   ,      41.903
"Jul 27, 2001"   ,      43.159
"Jul 28, 2001"   ,      39.08
"Jul 29, 2001"   ,      33.075
"Jul 30, 2001"   ,      30.268
"Jul 31, 2001"   ,      36.568
"Aug 1, 2001"    ,      38.69
"Aug 2, 2001"    ,      48.606
"Aug 3, 2001"    ,      47.629
"Aug 4, 2001"    ,      43.392
"Aug 5, 2001"    ,      44.163
"Aug 6, 2001"    ,      39.532
"Aug 7, 2001"    ,      41.881
"Aug 8, 2001"    ,      41.631
"Aug 9, 2001"    ,        
"Aug 10, 2001"   ,      44.475
"Aug 11, 2001"   ,      42.986
"Aug 12, 2001"   ,      42.074
"Aug 13, 2001"   ,      37.669
"Aug 14, 2001"   ,      40.643
"Aug 15, 2001"   ,      35.13
"Aug 16, 2001"   ,      44.678
"Aug 17, 2001"   ,      41.923
"Aug 18, 2001"   ,      45.679
"Aug 19, 2001"   ,      41.386
"Aug 20, 2001"   ,      43.319
"Aug 21, 2001"   ,      44.515
"Aug 22, 2001"   ,      44.376
"Aug 23, 2001"   ,      46.393
"Aug 24, 2001"   ,      41.689
"Aug 25, 2001"   ,      47.416
"Aug 26, 2001"   ,      44.296
"Aug 27, 2001"   ,      48.336
"Aug 28, 2001"   ,      48.265
"Aug 29, 2001"   ,      43.879
"Aug 30, 2001"   ,      47.493
"Aug 31, 2001"   ,      45.99
"Sep 1, 2001"    ,      49.426
"Sep 2, 2001"    ,      44.414
"Sep 3, 2001"    ,      43.546
"Sep 4, 2001"    ,      43.607
"Sep 5, 2001"    ,      46.052
"Sep 6, 2001"    ,      47.228
"Sep 7, 2001"    ,      44.765
"Sep 8, 2001"    ,      46.885
"Sep 9, 2001"    ,      42.115
"Sep 10, 2001"   ,      46.798
"Sep 11, 2001"   ,      43.843
"Sep 12, 2001"   ,      42.87
"Sep 13, 2001"   ,      41.115
"Sep 14, 2001"   ,      38.197
"Sep 15, 2001"   ,      42.909
"Sep 16, 2001"   ,      38.655
"Sep 17, 2001"   ,      45.962
"Sep 18, 2001"   ,      44.733
"Sep 19, 2001"   ,      43.862
"Sep 20, 2001"   ,      37.852
"Sep 21, 2001"   ,      39.964
"Sep 22, 2001"   ,      43.73
"Sep 23, 2001"   ,      42.94
"Sep 24, 2001"   ,      45.527
"Sep 25, 2001"   ,      44.024
"Sep 26, 2001"   ,      47.021
"Sep 27, 2001"   ,      46.021
"Sep 28, 2001"   ,      46.667
"Sep 29, 2001"   ,      44.675
"Sep 30, 2001"   ,      44.37
"Oct 1, 2001"    ,      45.532
"Oct 2, 2001"    ,      43.19
"Oct 3, 2001"    ,      42.586
"Oct 4, 2001"    ,      36.147
"Oct 5, 2001"    ,      41.017
"Oct 6, 2001"    ,      41.56
"Oct 7, 2001"    ,        
"Oct 8, 2001"    ,      45.134
"Oct 9, 2001"    ,      43.385
"Oct 10, 2001"   ,      40.321
"Oct 11, 2001"   ,      33.601
"Oct 12, 2001"   ,      35.978
"Oct 13, 2001"   ,      34.512
"Oct 14, 2001"   ,      38.847
"Oct 15, 2001"   ,      39.275
"Oct 16, 2001"   ,      40.261
"Oct 17, 2001"   ,      42.613
"Oct 18, 2001"   ,      41.208
"Oct 19, 2001"   ,      43.154
"Oct 20, 2001"   ,      41.016
"Oct 21, 2001"   ,      42.305
"Oct 22, 2001"   ,      41.166
"Oct 23, 2001"   ,      41.872
"Oct 24, 2001"   ,      41.884
"Oct 25, 2001"   ,      41.931
"Oct 26, 2001"   ,      43.415
"Oct 27, 2001"   ,      41.805
"Oct 28, 2001"   ,      40.314
"Oct 29, 2001"   ,      37.846
"Oct 30, 2001"   ,      40.485
"Oct 31, 2001"   ,      40.665
"Nov 1, 2001"    ,      39.245
"Nov 2, 2001"    ,      37.855
"Nov 3, 2001"    ,      31.339
"Nov 4, 2001"    ,      35.089
"Nov 5, 2001"    ,      33.163
"Nov 6, 2001"    ,        
"Nov 7, 2001"    ,      35.417
"Nov 8, 2001"    ,      35.356
"Nov 9, 2001"    ,      35.481
"Nov 10, 2001"   ,      34.402
"Nov 11, 2001"   ,      35.542
"Nov 12, 2001"   ,      32.826
"Nov 13, 2001"   ,      35.472
"Nov 14, 2001"   ,      36.436
"Nov 15, 2001"   ,      35.288
"Nov 16, 2001"   ,      34.798
"Nov 17, 2001"   ,      33.094
"Nov 18, 2001"   ,      33.291
"Nov 19, 2001"   ,      32.45
"Nov 20, 2001"   ,      33.792
"Nov 21, 2001"   ,      30.473
"Nov 22, 2001"   ,      31.726
"Nov 23, 2001"   ,      31.935
"Nov 24, 2001"   ,      32.106
"Nov 25, 2001"   ,      31.315
"Nov 26, 2001"   ,      29.314
"Nov 27, 2001"   ,      30.62
"Nov 28, 2001"   ,      29.647
"Nov 29, 2001"   ,      30.176
"Nov 30, 2001"   ,      28.46
"Dec 1, 2001"    ,      29.607
"Dec 2, 2001"    ,      30.195
"Dec 3, 2001"    ,      30.553
"Dec 4, 2001"    ,      28.692
"Dec 5, 2001"    ,      28.08
"Dec 6, 2001"    ,      29.685
"Dec 7, 2001"    ,      30.468
"Dec 8, 2001"    ,      30.535
"Dec 9, 2001"    ,      29.836
"Dec 10, 2001"   ,      28.992
"Dec 11, 2001"   ,      28.185
"Dec 12, 2001"   ,      28.597
"Dec 13, 2001"   ,      27.315
"Dec 14, 2001"   ,      27.777
"Dec 15, 2001"   ,      23.646
"Dec 16, 2001"   ,      26.428
"Dec 17, 2001"   ,      27.258
"Dec 18, 2001"   ,      25.241
"Dec 19, 2001"   ,      26.325
"Dec 20, 2001"   ,      26.267
"Dec 21, 2001"   ,      27.056
"Dec 22, 2001"   ,      27.792
"Dec 23, 2001"   ,      27.667
"Dec 24, 2001"   ,      27.489
"Dec 25, 2001"   ,      25.99
"Dec 26, 2001"   ,      26.684
"Dec 27, 2001"   ,      27.492
"Dec 28, 2001"   ,      27.277
"Dec 29, 2001"   ,      27.51
"Dec 30, 2001"   ,      28.174
"Dec 31, 2001"   ,      27.66
"Jan 1, 2002"    ,      26.474
"Jan 2, 2002"    ,      23.685
"Jan 3, 2002"    ,      25.467
"Jan 4, 2002"    ,      25.288
"Jan 5, 2002"    ,      26.195
"Jan 6, 2002"    ,      26.574
"Jan 7, 2002"    ,      26.449
"Jan 8, 2002"    ,      27.286
"Jan 9, 2002"    ,      25.605
"Jan 10, 2002"   ,      28.281
"Jan 11, 2002"   ,      26.554
"Jan 12, 2002"   ,      25.729
"Jan 13, 2002"   ,      27.69
"Jan 14, 2002"   ,      22.794
"Jan 15, 2002"   ,      20.677
"Jan 16, 2002"   ,      21.38
"Jan 17, 2002"   ,      20.946
"Jan 18, 2002"   ,      21.016
"Jan 19, 2002"   ,      21.057
"Jan 20, 2002"   ,      22.607
"Jan 21, 2002"   ,      24.167
"Jan 22, 2002"   ,      25.128
"Jan 23, 2002"   ,      24.639
"Jan 24, 2002"   ,      26.504
"Jan 25, 2002"   ,      23.078
"Jan 26, 2002"   ,      19.965
"Jan 27, 2002"   ,      20.912
"Jan 28, 2002"   ,      23.049
"Jan 29, 2002"   ,      23.504
"Jan 30, 2002"   ,      24.921
"Jan 31, 2002"   ,      25.588
"Feb 1, 2002"    ,      25.207
"Feb 2, 2002"    ,      23.061
"Feb 3, 2002"    ,      25.779
"Feb 4, 2002"    ,      26.508
"Feb 5, 2002"    ,      22.654
"Feb 6, 2002"    ,      21.342
"Feb 7, 2002"    ,      22.52
"Feb 8, 2002"    ,      23.761
"Feb 9, 2002"    ,      25.405
"Feb 10, 2002"   ,      23.303
"Feb 11, 2002"   ,      29.043
"Feb 12, 2002"   ,      28.692
"Feb 13, 2002"   ,      27.181
"Feb 14, 2002"   ,      25.732
"Feb 15, 2002"   ,      31.01
"Feb 16, 2002"   ,      29.759
"Feb 17, 2002"   ,      31.182
"Feb 18, 2002"   ,      31.095
"Feb 19, 2002"   ,      28.957
"Feb 20, 2002"   ,      31.135
"Feb 21, 2002"   ,      30.299
"Feb 22, 2002"   ,      27.7
"Feb 23, 2002"   ,      27.913
"Feb 24, 2002"   ,      30.15
"Feb 25, 2002"   ,      32.622
"Feb 26, 2002"   ,      28.21
"Feb 27, 2002"   ,      29.167
"Feb 28, 2002"   ,      33.358
"Mar 1, 2002"    ,      33.524
"Mar 2, 2002"    ,      25.064
"Mar 3, 2002"    ,      27.101
"Mar 4, 2002"    ,      31.956
"Mar 5, 2002"    ,      35.393
"Mar 6, 2002"    ,      34.431
"Mar 7, 2002"    ,      30.482
"Mar 8, 2002"    ,      26.129
"Mar 9, 2002"    ,      28.941
"Mar 10, 2002"   ,      30.376
"Mar 11, 2002"   ,      32.774
"Mar 12, 2002"   ,      30.319
"Mar 13, 2002"   ,      32.21
"Mar 14, 2002"   ,      37.252
"Mar 15, 2002"   ,      39.72
"Mar 16, 2002"   ,      39.919
"Mar 17, 2002"   ,      41.121
"Mar 18, 2002"   ,      37.751
"Mar 19, 2002"   ,      34.834
"Mar 28, 2002"   ,        
"Mar 29, 2002"   ,      40.114
"Mar 30, 2002"   ,      41.873
"Mar 31, 2002"   ,      40.322
"Apr 1, 2002"    ,      40.259
"Apr 2, 2002"    ,      42.36
"Apr 3, 2002"    ,      43.261
"Apr 4, 2002"    ,      40.487
"Apr 5, 2002"    ,      26.294
"Apr 6, 2002"    ,      38.99
"Apr 7, 2002"    ,      38.644
"Apr 8, 2002"    ,      38.217
"Apr 9, 2002"    ,      40.745
"Apr 10, 2002"   ,      42.201
"Apr 11, 2002"   ,      44.092
"Apr 12, 2002"   ,      39.916
"Apr 13, 2002"   ,      41.203
"Apr 14, 2002"   ,      37.506
"Apr 16, 2002"   ,      41.607
"Apr 17, 2002"   ,      44.29
"Apr 18, 2002"   ,      46.866
"Apr 19, 2002"   ,      45.629
"Apr 20, 2002"   ,      48.789
"Apr 21, 2002"   ,      44.639
"Apr 22, 2002"   ,      44.782
"Apr 23, 2002"   ,      39.943
"Apr 24, 2002"   ,      43.272
"Apr 25, 2002"   ,      44.156
"Apr 26, 2002"   ,      46.65
"Apr 27, 2002"   ,      43.583
"Apr 28, 2002"   ,      41.18
"Apr 29, 2002"   ,      49.77
"Apr 30, 2002"   ,      46.81
"May 1, 2002"    ,      46.61
"May 2, 2002"    ,      47.787
"May 3, 2002"    ,      48.266
"May 4, 2002"    ,      49.877
"May 5, 2002"    ,      49.926
"May 6, 2002"    ,      51.897
"May 7, 2002"    ,      44.772
"May 8, 2002"    ,      49.728
"May 9, 2002"    ,      47.696
"May 10, 2002"   ,      50.783
"May 11, 2002"   ,      51.51
"May 12, 2002"   ,      51.798
"May 13, 2002"   ,      50.788
"May 14, 2002"   ,      43.075
"May 15, 2002"   ,      44.807
"May 16, 2002"   ,      48.237
"May 17, 2002"   ,      54.385
"May 18, 2002"   ,      44.888
"May 19, 2002"   ,      45.554
"May 20, 2002"   ,      49.639
"May 21, 2002"   ,      51.7
"May 22, 2002"   ,      51.621
"May 23, 2002"   ,      45.855
"May 24, 2002"   ,      50.792
"May 25, 2002"   ,      50.995
"May 26, 2002"   ,      53.39
"May 27, 2002"   ,      45.704
"May 28, 2002"   ,      45.853
"May 29, 2002"   ,      50.126
"May 30, 2002"   ,      48.391
"May 31, 2002"   ,      50.84
"Jun 1, 2002"    ,      46.407
"Jun 2, 2002"    ,      47.99
"Jun 3, 2002"    ,      48.64
"Jun 4, 2002"    ,      50.74
"Jun 5, 2002"    ,      50.156
"Jun 6, 2002"    ,      50.514
"Jun 7, 2002"    ,      54.63
"Jun 8, 2002"    ,      48.236
"Jun 9, 2002"    ,      49.723
"Jun 10, 2002"   ,      47.659
"Jun 11, 2002"   ,      51.566
"Jun 12, 2002"   ,      50.831
"Jun 13, 2002"   ,      48.773
"Jun 14, 2002"   ,      51.257
"Jun 15, 2002"   ,      47.014
"Jun 16, 2002"   ,      50.375
"Jun 17, 2002"   ,      43.12
"Jun 18, 2002"   ,      47.822
"Jun 19, 2002"   ,      48.24
"Jun 20, 2002"   ,      50.65
"Jun 21, 2002"   ,      51.32
"Jun 22, 2002"   ,      48.806
"Jun 23, 2002"   ,      49.907
"Jun 24, 2002"   ,      40.296
"Jun 25, 2002"   ,      45.565
"Jun 26, 2002"   ,      46.414
"Jun 27, 2002"   ,      46.026
"Jun 28, 2002"   ,      47.524
"Jun 29, 2002"   ,      47.353
"Jun 30, 2002"   ,      49.53
"Jul 1, 2002"    ,      48.932
"Jul 2, 2002"    ,      50.508
"Jul 3, 2002"    ,      41.288
"Jul 4, 2002"    ,      45.574
"Jul 5, 2002"    ,      44.627
"Jul 6, 2002"    ,      46.527
"Jul 7, 2002"    ,      46.357
"Jul 8, 2002"    ,      43.902
"Jul 9, 2002"    ,      47.701
"Jul 10, 2002"   ,      43.225
"Jul 11, 2002"   ,      49.284
"Jul 12, 2002"   ,      46.076
"Jul 13, 2002"   ,      48.088
"Jul 14, 2002"   ,      47.142
"Jul 15, 2002"   ,      46.585
"Jul 16, 2002"   ,      49.972
"Jul 17, 2002"   ,      47.811
"Jul 18, 2002"   ,      50.735
"Jul 19, 2002"   ,      48.041
"Jul 20, 2002"   ,      49.908
"Jul 21, 2002"   ,      39.289
"Jul 22, 2002"   ,      38.262
"Jul 23, 2002"   ,      41.714
"Jul 24, 2002"   ,      41.086
"Jul 25, 2002"   ,      47.174
"Jul 26, 2002"   ,      40.845
"Jul 27, 2002"   ,      46.64
"Jul 28, 2002"   ,      42.88
"Jul 29, 2002"   ,      45.933
"Jul 30, 2002"   ,      43.255
"Jul 31, 2002"   ,      41.657
"Aug 1, 2002"    ,      44.465
"Aug 2, 2002"    ,      40.103
"Aug 3, 2002"    ,      48.253
"Aug 4, 2002"    ,      45.23
"Aug 5, 2002"    ,      48.436
"Aug 6, 2002"    ,      48.334
"Aug 7, 2002"    ,      47.297
"Aug 8, 2002"    ,      49.888
"Aug 9, 2002"    ,      47.913
"Aug 10, 2002"   ,      50.41
"Aug 11, 2002"   ,      44.957
"Aug 12, 2002"   ,      43.604
"Aug 13, 2002"   ,      40.644
"Aug 14, 2002"   ,      42.4
"Aug 15, 2002"   ,      45.417
"Aug 16, 2002"   ,      40.91
"Aug 17, 2002"   ,      47.062
"Aug 18, 2002"   ,      44.378
"Aug 19, 2002"   ,      47.668
"Aug 20, 2002"   ,      44.265
"Aug 21, 2002"   ,      44.691
"Aug 22, 2002"   ,      36.498
"Aug 23, 2002"   ,      38.244
"Aug 24, 2002"   ,      40.97
"Aug 25, 2002"   ,      37.216
"Aug 26, 2002"   ,      44.216
"Aug 27, 2002"   ,      38.663
"Aug 28, 2002"   ,      42.487
"Aug 29, 2002"   ,      41.159
"Aug 30, 2002"   ,      45.004
"Aug 31, 2002"   ,      42.041
"Sep 1, 2002"    ,      38.535
"Sep 2, 2002"    ,      41.246
"Sep 3, 2002"    ,      37.497
"Sep 4, 2002"    ,      45.228
"Sep 5, 2002"    ,      40.932
"Sep 6, 2002"    ,      43.365
"Sep 7, 2002"    ,      41.903
"Sep 8, 2002"    ,      42.979
"Sep 9, 2002"    ,      43.907
"Sep 10, 2002"   ,      44.109
"Sep 11, 2002"   ,      47.368
"Sep 12, 2002"   ,      46.018
"Sep 13, 2002"   ,      47.843
"Sep 14, 2002"   ,      44.469
"Sep 15, 2002"   ,      45.568
"Sep 16, 2002"   ,      45.099
"Sep 17, 2002"   ,      42.949
"Sep 18, 2002"   ,      43.073
"Sep 19, 2002"   ,      39.859
"Sep 20, 2002"   ,      44.412
"Sep 21, 2002"   ,      42.909
"Sep 22, 2002"   ,      45.125
"Sep 23, 2002"   ,      43.022
"Sep 24, 2002"   ,      41.746
"Sep 25, 2002"   ,      40.671
"Sep 26, 2002"   ,      38.187
"Sep 27, 2002"   ,      43.414
"Sep 28, 2002"   ,      41.544
"Sep 29, 2002"   ,      44.13
"Sep 30, 2002"   ,      42.502
"Oct 1, 2002"    ,      44.521
"Oct 2, 2002"    ,      44.886
"Oct 3, 2002"    ,      44.084
"Oct 4, 2002"    ,      45.579
"Oct 5, 2002"    ,      43.063
"Oct 6, 2002"    ,      45.054
"Oct 7, 2002"    ,      43.455
"Oct 8, 2002"    ,      44.836
"Oct 9, 2002"    ,      43.657
"Oct 10, 2002"   ,      43.741
"Oct 11, 2002"   ,      44.039
"Oct 12, 2002"   ,      42.874
"Oct 13, 2002"   ,      43.326
"Oct 14, 2002"   ,      39.977
"Oct 15, 2002"   ,      41.605
"Oct 16, 2002"   ,      39.498
"Oct 17, 2002"   ,      41.211
"Oct 18, 2002"   ,      41.526
"Oct 19, 2002"   ,      40.477
"Oct 20, 2002"   ,      38.739
"Oct 21, 2002"   ,      37.813
"Oct 22, 2002"   ,      37.622
"Oct 23, 2002"   ,      35.741
"Oct 24, 2002"   ,      38.776
"Oct 25, 2002"   ,      37.954
"Oct 26, 2002"   ,      38.368
"Oct 27, 2002"   ,      39.754
"Oct 28, 2002"   ,      38.281
"Oct 29, 2002"   ,      39.217
"Oct 30, 2002"   ,      36.588
"Oct 31, 2002"   ,      39.07
"Nov 1, 2002"    ,      37.696
"Nov 2, 2002"    ,      37.099
"Nov 3, 2002"    ,      37.641
"Nov 4, 2002"    ,      35.866
"Nov 5, 2002"    ,      36.655
"Nov 6, 2002"    ,      32.629
"Nov 7, 2002"    ,      31.655
"Nov 8, 2002"    ,      30.624
"Nov 9, 2002"    ,      31.079
"Nov 10, 2002"   ,      33.295
"Nov 11, 2002"   ,      29.596
"Nov 12, 2002"   ,      30.38
"Nov 13, 2002"   ,      30.421
"Nov 14, 2002"   ,      32.524
"Nov 15, 2002"   ,      32.705
"Nov 16, 2002"   ,      33.408
"Nov 17, 2002"   ,      32.477
"Nov 18, 2002"   ,      30.119
"Nov 19, 2002"   ,      29.022
"Nov 20, 2002"   ,      29.396
"Nov 21, 2002"   ,      30.829
"Nov 22, 2002"   ,      30.08
"Nov 23, 2002"   ,      29.658
"Nov 24, 2002"   ,      29.82
"Nov 25, 2002"   ,      30.844
"Nov 26, 2002"   ,      30.41
"Nov 27, 2002"   ,      26.477
"Nov 28, 2002"   ,      29.769
"Nov 29, 2002"   ,      29.118
"Nov 30, 2002"   ,      27.316
"Dec 1, 2002"    ,      26.299
"Dec 2, 2002"    ,      28.49
"Dec 3, 2002"    ,      25.855
"Dec 4, 2002"    ,      22.429
"Dec 5, 2002"    ,      19.346
"Dec 6, 2002"    ,      22.426
"Dec 7, 2002"    ,      23.565
"Dec 8, 2002"    ,      23.833
"Dec 9, 2002"    ,      24.242
"Dec 10, 2002"   ,      28.176
"Dec 11, 2002"   ,      24.637
"Dec 12, 2002"   ,      21.86
"Dec 13, 2002"   ,      26.447
"Dec 14, 2002"   ,      28.506
"Dec 15, 2002"   ,      29.047
"Dec 16, 2002"   ,      28.078
"Dec 17, 2002"   ,      28.156
"Dec 18, 2002"   ,      27.447
"Dec 19, 2002"   ,      25.633
"Dec 20, 2002"   ,      26.143
"Dec 21, 2002"   ,      26.56
"Dec 22, 2002"   ,      26.022
"Dec 23, 2002"   ,      23.01
"Dec 24, 2002"   ,      21.546
"Dec 25, 2002"   ,      19.231
"Dec 26, 2002"   ,      24.046
"Dec 27, 2002"   ,      22.536
"Dec 28, 2002"   ,      22.979
"Dec 29, 2002"   ,      22.508
"Dec 30, 2002"   ,      20.053
"Dec 31, 2002"   ,      21.236
"Jan 1, 2003"    ,      22.345
"Jan 2, 2003"    ,      25.809
"Jan 3, 2003"    ,      22.082
"Jan 4, 2003"    ,      24.783
"Jan 5, 2003"    ,      22.772
"Jan 6, 2003"    ,      24.859
"Jan 7, 2003"    ,      24.817
"Jan 8, 2003"    ,      25.185
"Jan 9, 2003"    ,      25.756
"Jan 10, 2003"   ,      24.98
"Jan 11, 2003"   ,      26.069
"Jan 12, 2003"   ,      25.54
"Jan 13, 2003"   ,      25.627
"Jan 14, 2003"   ,      25.713
"Jan 15, 2003"   ,      25.874
"Jan 16, 2003"   ,      25.385
"Jan 17, 2003"   ,      20.218
"Jan 18, 2003"   ,      23.725
"Jan 19, 2003"   ,      25.423
"Jan 20, 2003"   ,      22.362
"Jan 21, 2003"   ,      25.099
"Jan 22, 2003"   ,      24.672
"Jan 23, 2003"   ,      23.359
"Jan 24, 2003"   ,      27.086
"Jan 25, 2003"   ,      25.679
"Jan 26, 2003"   ,      24.572
"Jan 27, 2003"   ,      26.472
"Jan 28, 2003"   ,      24.232
"Jan 29, 2003"   ,      25.107
"Jan 30, 2003"   ,      22.607
"Jan 31, 2003"   ,      22.163
"Feb 1, 2003"    ,        
"Feb 2, 2003"    ,      23.329
"Feb 3, 2003"    ,      25.817
"Feb 4, 2003"    ,      26.837
"Feb 5, 2003"    ,      28.434
"Feb 6, 2003"    ,      28.997
"Feb 7, 2003"    ,      25.452
"Feb 8, 2003"    ,      27.099
"Feb 9, 2003"    ,      27.898
"Feb 10, 2003"   ,      26.75
"Feb 11, 2003"   ,      27.643
"Feb 12, 2003"   ,      26.579
"Feb 13, 2003"   ,      28.778
"Feb 14, 2003"   ,      25.573
"Feb 15, 2003"   ,      30.279
"Feb 16, 2003"   ,      29.93
"Feb 17, 2003"   ,      27.248
"Feb 18, 2003"   ,      23.096
"Feb 19, 2003"   ,      25.17
"Feb 20, 2003"   ,      24.387
"Feb 21, 2003"   ,      21.103
"Feb 22, 2003"   ,      23.936
"Feb 23, 2003"   ,      29.947
"Feb 24, 2003"   ,      29.007
"Feb 25, 2003"   ,      31.464
"Feb 26, 2003"   ,      29.312
"Feb 27, 2003"   ,      33.39
"Feb 28, 2003"   ,      30.924
"Mar 1, 2003"    ,      30.699
"Mar 2, 2003"    ,      21.561
"Mar 3, 2003"    ,      22.386
"Mar 4, 2003"    ,      27.705
"Mar 5, 2003"    ,      30.558
"Mar 6, 2003"    ,      33.444
"Mar 7, 2003"    ,      34.152
"Mar 8, 2003"    ,      35.585
"Mar 9, 2003"    ,      28.639
"Mar 10, 2003"   ,      30.006
"Mar 11, 2003"   ,      34.539
"Mar 12, 2003"   ,      33.674
"Mar 13, 2003"   ,      35.897
"Mar 14, 2003"   ,      30.595
"Mar 15, 2003"   ,      32.435
"Mar 16, 2003"   ,      32.258
"Mar 17, 2003"   ,      35.034
"Mar 18, 2003"   ,      33.618
"Mar 19, 2003"   ,      35.995
"Mar 20, 2003"   ,      38.784
"Mar 21, 2003"   ,      35.401
"Mar 22, 2003"   ,        
"Mar 23, 2003"   ,      40.355
"Mar 24, 2003"   ,      36.117
"Mar 25, 2003"   ,      36.093
"Mar 26, 2003"   ,      35.008
"Mar 27, 2003"   ,      37.468
"Mar 28, 2003"   ,      30.42
"Mar 29, 2003"   ,      36.093
"Mar 30, 2003"   ,      32.123
"Mar 31, 2003"   ,      37.78
"Apr 1, 2003"    ,      39.632
"Apr 2, 2003"    ,      39.987
"Apr 3, 2003"    ,      37.734
"Apr 4, 2003"    ,      38.516
"Apr 5, 2003"    ,      41.152
"Apr 6, 2003"    ,      40.955
"Apr 7, 2003"    ,      45.404
"Apr 8, 2003"    ,      43.048
"Apr 9, 2003"    ,      46.816
"Apr 10, 2003"   ,      44.395
"Apr 11, 2003"   ,      45.38
"Apr 12, 2003"   ,      43.482
"Apr 13, 2003"   ,      41.408
"Apr 14, 2003"   ,      42.698
"Apr 15, 2003"   ,      45.432
"Apr 16, 2003"   ,      42.128
"Apr 17, 2003"   ,      36.953
"Apr 18, 2003"   ,      40.546
"Apr 19, 2003"   ,      34.693
"Apr 20, 2003"   ,      38.154
"Apr 21, 2003"   ,      43.888
"Apr 22, 2003"   ,      42.319
"Apr 23, 2003"   ,      44.891
"Apr 24, 2003"   ,      39.865
"Apr 25, 2003"   ,      46.191
"Apr 26, 2003"   ,      44.706
"Apr 27, 2003"   ,      49.938
"Apr 28, 2003"   ,      50.765
"Apr 29, 2003"   ,      49.848
"Apr 30, 2003"   ,      50.474
"May 1, 2003"    ,      44.315
"May 2, 2003"    ,      36.625
"May 3, 2003"    ,      40.791
"May 4, 2003"    ,      43.96
"May 5, 2003"    ,      40.726
"May 6, 2003"    ,      40.261
"May 7, 2003"    ,      45.084
"May 8, 2003"    ,      43.716
"May 9, 2003"    ,      48.264
"May 10, 2003"   ,      38.956
"May 11, 2003"   ,      47.907
"May 12, 2003"   ,      42.092
"May 13, 2003"   ,      48.074
"May 14, 2003"   ,      46.946
"May 15, 2003"   ,      45.326
"May 16, 2003"   ,      47.889
"May 17, 2003"   ,      47.937
"May 18, 2003"   ,      51.014
"May 19, 2003"   ,      47.702
"May 20, 2003"   ,      49.869
"May 21, 2003"   ,      46.278
"May 22, 2003"   ,      46.524
"May 23, 2003"   ,      48.576
"May 24, 2003"   ,      44.317
"May 25, 2003"   ,      41.674
"May 26, 2003"   ,      37.959
"May 27, 2003"   ,      44.982
"May 28, 2003"   ,      45.033
"May 29, 2003"   ,      46.153
"May 30, 2003"   ,      42.7
"May 31, 2003"   ,      35.949
"Jun 1, 2003"    ,      48.366
"Jun 2, 2003"    ,      48.344
"Jun 3, 2003"    ,      49.541
"Jun 4, 2003"    ,      48.403
"Jun 5, 2003"    ,      53.586
"Jun 6, 2003"    ,      50.749
"Jun 7, 2003"    ,      47.057
"Jun 8, 2003"    ,      43.709
"Jun 9, 2003"    ,      45.5
"Jun 10, 2003"   ,      50.057
"Jun 11, 2003"   ,      47.376
"Jun 12, 2003"   ,      49.237
"Jun 13, 2003"   ,      48.636
"Jun 14, 2003"   ,      52.442
"Jun 15, 2003"   ,      50.684
"Jun 16, 2003"   ,      49.835
"Jun 17, 2003"   ,      49.55
"Jun 18, 2003"   ,      44.57
"Jun 19, 2003"   ,      47.901
"Jun 20, 2003"   ,      44.434
"Jun 21, 2003"   ,      44.515
"Jun 22, 2003"   ,      43.324
"Jun 23, 2003"   ,      45.563
"Jun 24, 2003"   ,      44.46
"Jun 25, 2003"   ,      40.355
"Jun 26, 2003"   ,      44.717
"Jun 27, 2003"   ,      40.813
"Jun 28, 2003"   ,      46.929
"Jun 29, 2003"   ,      42.409
"Jun 30, 2003"   ,      44.557
"Jul 1, 2003"    ,      44.653
"Jul 2, 2003"    ,      42.682
"Jul 3, 2003"    ,      46.299
"Jul 4, 2003"    ,      39.09
"Jul 5, 2003"    ,      42.203
"Jul 6, 2003"    ,      44.8
"Jul 7, 2003"    ,      42.834
"Jul 8, 2003"    ,      43.707
"Jul 9, 2003"    ,      41.907
"Jul 10, 2003"   ,      41.361
"Jul 11, 2003"   ,      36.021
"Jul 12, 2003"   ,      43.703
"Jul 13, 2003"   ,      35.991
"Jul 14, 2003"   ,      39.084
"Jul 15, 2003"   ,      37.097
"Jul 16, 2003"   ,      39.796
"Jul 17, 2003"   ,      43.731
"Jul 18, 2003"   ,      38.633
"Jul 19, 2003"   ,      41.813
"Jul 20, 2003"   ,      35.255
"Jul 21, 2003"   ,      41.609
"Jul 22, 2003"   ,      38.228
"Jul 23, 2003"   ,      37.467
"Jul 24, 2003"   ,      37.115
"Jul 25, 2003"   ,      33.035
"Jul 26, 2003"   ,      37.026
"Jul 27, 2003"   ,      35.017
"Jul 28, 2003"   ,      43.28
"Jul 29, 2003"   ,      35.802
"Jul 30, 2003"   ,      40.791
"Jul 31, 2003"   ,      37.801
"Aug 1, 2003"    ,      41.108
"Aug 2, 2003"    ,      38.807
"Aug 3, 2003"    ,      31.85
"Aug 4, 2003"    ,      37.853
"Aug 5, 2003"    ,      34.029
"Aug 6, 2003"    ,      39.865
"Aug 7, 2003"    ,      39.209
"Aug 8, 2003"    ,      42.78
"Aug 9, 2003"    ,      39.209
"Aug 10, 2003"   ,      41.068
"Aug 11, 2003"   ,      44.439
"Aug 12, 2003"   ,      41.927
"Aug 13, 2003"   ,      44.579
"Aug 14, 2003"   ,      41.295
"Aug 15, 2003"   ,      46.452
"Aug 16, 2003"   ,      43.422
"Aug 17, 2003"   ,      45.528
"Aug 18, 2003"   ,      44.043
"Aug 19, 2003"   ,      41.613
"Aug 20, 2003"   ,      40.342
"Aug 21, 2003"   ,      39.294
"Aug 22, 2003"   ,      41.052
"Aug 23, 2003"   ,      43.087
"Aug 24, 2003"   ,      45.058
"Aug 25, 2003"   ,      41.887
"Aug 26, 2003"   ,      43.454
"Aug 27, 2003"   ,      44.661
"Aug 28, 2003"   ,      40.032
"Aug 29, 2003"   ,      45.065
"Aug 30, 2003"   ,      42.129
"Aug 31, 2003"   ,      42.441
"Sep 1, 2003"    ,      41.777
"Sep 2, 2003"    ,      45.733
"Sep 3, 2003"    ,      44.612
"Sep 4, 2003"    ,      43.017
"Sep 5, 2003"    ,      43.578
"Sep 6, 2003"    ,      41.56
"Sep 7, 2003"    ,      43.763
"Sep 8, 2003"    ,      42.003
"Sep 9, 2003"    ,      44.906
"Sep 10, 2003"   ,      43.481
"Sep 11, 2003"   ,      44.555
"Sep 12, 2003"   ,      45.232
"Sep 13, 2003"   ,      42.939
"Sep 14, 2003"   ,      45.465
"Sep 15, 2003"   ,      38.818
"Sep 16, 2003"   ,      39.987
"Sep 17, 2003"   ,      36.788
"Sep 18, 2003"   ,      42.173
"Sep 19, 2003"   ,      43.266
"Sep 20, 2003"   ,      43.551
"Sep 21, 2003"   ,      45.49
"Sep 22, 2003"   ,      41.754
"Sep 23, 2003"   ,      43.033
"Sep 24, 2003"   ,      35.061
"Sep 25, 2003"   ,      39.152
"Sep 26, 2003"   ,      40.625
"Sep 27, 2003"   ,      41.03
"Sep 28, 2003"   ,      37.355
"Sep 29, 2003"   ,      35.461
"Sep 30, 2003"   ,      40.743
"Oct 1, 2003"    ,      39.839
"Oct 2, 2003"    ,      43.888
"Oct 3, 2003"    ,      43.989
"Oct 4, 2003"    ,      45.222
"Oct 5, 2003"    ,      45.501
"Oct 6, 2003"    ,      43.012
"Oct 7, 2003"    ,      41.985
"Oct 8, 2003"    ,      38.023
"Oct 9, 2003"    ,      41.772
"Oct 10, 2003"   ,      39.809
"Oct 11, 2003"   ,      41.439
"Oct 12, 2003"   ,      40.65
"Oct 13, 2003"   ,      41.124
"Oct 14, 2003"   ,      41.199
"Oct 15, 2003"   ,      39.961
"Oct 16, 2003"   ,      40.507
"Oct 17, 2003"   ,      38.152
"Oct 18, 2003"   ,      40.609
"Oct 19, 2003"   ,      39.603
"Oct 20, 2003"   ,      40.138
"Oct 21, 2003"   ,      40.462
"Oct 22, 2003"   ,      40.052
"Oct 23, 2003"   ,      40.373
"Oct 24, 2003"   ,      37.925
"Oct 25, 2003"   ,      40.022
"Oct 26, 2003"   ,      39.235
"Oct 27, 2003"   ,      38.659
"Oct 28, 2003"   ,      38.595
"Oct 29, 2003"   ,      38.678
"Oct 30, 2003"   ,      39.755
"Oct 31, 2003"   ,      38.537
"Nov 1, 2003"    ,      39.911
"Nov 2, 2003"    ,      37.411
"Nov 3, 2003"    ,      37.633
"Nov 4, 2003"    ,      36.925
"Nov 5, 2003"    ,      33.099
"Nov 6, 2003"    ,      33.381
"Nov 7, 2003"    ,      32.983
"Nov 8, 2003"    ,      31.981
"Nov 9, 2003"    ,      32.151
"Nov 10, 2003"   ,      34.687
"Nov 11, 2003"   ,      34.313
"Nov 12, 2003"   ,      34.698
"Nov 13, 2003"   ,      33.352
"Nov 14, 2003"   ,      28.5
"Nov 15, 2003"   ,      29.699
"Nov 16, 2003"   ,      24.681
"Nov 17, 2003"   ,      26.764
"Nov 18, 2003"   ,      27.082
"Nov 19, 2003"   ,      27.803
"Nov 20, 2003"   ,      28.93
"Nov 21, 2003"   ,      28.72
"Nov 22, 2003"   ,      30.57
"Nov 23, 2003"   ,      26.809
"Nov 24, 2003"   ,      25.38
"Nov 25, 2003"   ,      26.089
"Nov 26, 2003"   ,      27.571
"Nov 27, 2003"   ,      26.085
"Nov 28, 2003"   ,      27.926
"Nov 29, 2003"   ,      28.768
"Nov 30, 2003"   ,      27.879
"Dec 1, 2003"    ,      27.927
"Dec 2, 2003"    ,      27.936
"Dec 3, 2003"    ,      30.334
"Dec 4, 2003"    ,      32.393
"Dec 5, 2003"    ,      29.283
"Dec 6, 2003"    ,      29.677
"Dec 7, 2003"    ,      28.216
"Dec 8, 2003"    ,      28.081
"Dec 9, 2003"    ,      28.347
"Dec 10, 2003"   ,      28.131
"Dec 11, 2003"   ,      25.992
"Dec 12, 2003"   ,      22.809
"Dec 13, 2003"   ,      14.764
"Dec 14, 2003"   ,      18.778
"Dec 15, 2003"   ,      18.669
"Dec 16, 2003"   ,      21.523
"Dec 24, 2003"   ,        
"Dec 25, 2003"   ,      22.129
"Dec 26, 2003"   ,      21.563
"Dec 27, 2003"   ,      21.386
"Dec 28, 2003"   ,      22.005
"Dec 29, 2003"   ,      21.241
"Dec 30, 2003"   ,      23.733
"Dec 31, 2003"   ,      22.239
"Jan 1, 2004"    ,      19.601
"Jan 2, 2004"    ,      19.448
"Jan 3, 2004"    ,      22.411
"Jan 4, 2004"    ,      20.968
"Jan 5, 2004"    ,      25.966
"Jan 6, 2004"    ,      22.635
"Jan 7, 2004"    ,      23.178
"Jan 8, 2004"    ,      22.565
"Jan 9, 2004"    ,      24.362
"Jan 10, 2004"   ,      26.899
"Jan 11, 2004"   ,      26.288
"Jan 12, 2004"   ,      25.626
"Jan 13, 2004"   ,      28.159
"Jan 14, 2004"   ,      24.46
"Jan 15, 2004"   ,      24.129
"Jan 16, 2004"   ,      26.287
"Jan 17, 2004"   ,      23.398
"Jan 18, 2004"   ,      22.627
"Jan 19, 2004"   ,      23.844
"Jan 20, 2004"   ,      15.031
"Jan 21, 2004"   ,      23.579
"Jan 22, 2004"   ,      21.468
"Jan 23, 2004"   ,      21.622
"Jan 24, 2004"   ,      19.568
"Jan 25, 2004"   ,      23.26
"Jan 26, 2004"   ,      24.31
"Jan 27, 2004"   ,      23.347
"Jan 28, 2004"   ,      27.76
"Jan 29, 2004"   ,      22.238
"Jan 30, 2004"   ,      21.263
"Jan 31, 2004"   ,      19.25
"Feb 1, 2004"    ,      21.06
"Feb 2, 2004"    ,      22.42
"Feb 3, 2004"    ,      24.392
"Feb 4, 2004"    ,      25.279
"Feb 5, 2004"    ,      26.773
"Feb 6, 2004"    ,      28.329
"Feb 7, 2004"    ,      28.82
"Feb 8, 2004"    ,      25.507
"Feb 9, 2004"    ,      23.049
"Feb 10, 2004"   ,      25.499
"Feb 11, 2004"   ,      26.914
"Feb 12, 2004"   ,      29.316
"Feb 13, 2004"   ,      29.273
"Feb 14, 2004"   ,      30.94
"Feb 15, 2004"   ,      34.334
"Feb 16, 2004"   ,      31.556
"Feb 17, 2004"   ,      32.096
"Feb 18, 2004"   ,      26.918
"Feb 19, 2004"   ,        
"Feb 20, 2004"   ,      28.573
"Feb 21, 2004"   ,      27.512
"Feb 22, 2004"   ,      30.254
"Feb 23, 2004"   ,      33.368
"Feb 24, 2004"   ,      29.973
"Feb 25, 2004"   ,      35.318
"Feb 26, 2004"   ,      34.13
"Feb 27, 2004"   ,      32.105
"Feb 28, 2004"   ,      33.719
"Feb 29, 2004"   ,      33.944
"Mar 1, 2004"    ,      36.155
"Mar 2, 2004"    ,      35.432
"Mar 3, 2004"    ,      37.047
"Mar 4, 2004"    ,      35.86
"Mar 5, 2004"    ,      36.289
"Mar 6, 2004"    ,      38.873
"Mar 7, 2004"    ,      39.898
"Mar 8, 2004"    ,      42.808
"Mar 9, 2004"    ,      37.982
"Mar 10, 2004"   ,      36.792
"Mar 11, 2004"   ,      37.261
"Mar 12, 2004"   ,      39.691
"Mar 13, 2004"   ,      39.411
"Mar 14, 2004"   ,      40.368
"Mar 15, 2004"   ,      42.584
"Mar 16, 2004"   ,      40.486
"Mar 17, 2004"   ,      37.95
"Mar 18, 2004"   ,      36.745
"Mar 19, 2004"   ,      41.496
"Mar 20, 2004"   ,      40.729
"Mar 21, 2004"   ,      38.626
"Mar 22, 2004"   ,      36.485
"Mar 23, 2004"   ,      32.886
"Mar 24, 2004"   ,      37.526
"Mar 25, 2004"   ,      38.224
"Mar 26, 2004"   ,      41.838
"Mar 27, 2004"   ,      40.722
"Mar 28, 2004"   ,      42.877
"Mar 29, 2004"   ,      44.114
"Mar 30, 2004"   ,      43.636
"Mar 31, 2004"   ,      36.176
"Apr 1, 2004"    ,      40.184
"Apr 2, 2004"    ,      39.067
"Apr 3, 2004"    ,      35.909
"Apr 4, 2004"    ,      44.58
"Apr 5, 2004"    ,      44.094
"Apr 6, 2004"    ,      43.314
"Apr 7, 2004"    ,      42.834
"Apr 8, 2004"    ,      41.413
"Apr 9, 2004"    ,      42.995
"Apr 10, 2004"   ,      40.859
"Apr 11, 2004"   ,      45.197
"Apr 12, 2004"   ,      40.774
"Apr 13, 2004"   ,      44.738
"Apr 14, 2004"   ,      46.891
"Apr 15, 2004"   ,      45.007
"Apr 16, 2004"   ,      41.183
"Apr 17, 2004"   ,      42.592
"Apr 18, 2004"   ,      45.372
"Apr 19, 2004"   ,      38.149
"Apr 20, 2004"   ,      45.461
"Apr 21, 2004"   ,      41.17
"Apr 22, 2004"   ,      37.185
"Apr 23, 2004"   ,      46.453
"Apr 24, 2004"   ,      47.645
"Apr 25, 2004"   ,      48.895
"Apr 26, 2004"   ,      45.554
"Apr 27, 2004"   ,      49.072
"Apr 28, 2004"   ,      42.634
"Apr 29, 2004"   ,      39.122
"Apr 30, 2004"   ,      41.444
"May 1, 2004"    ,      44.466
"May 2, 2004"    ,      43.444
"May 3, 2004"    ,      40.982
"May 4, 2004"    ,      49.049
"May 5, 2004"    ,      48.242
"May 6, 2004"    ,      47.033
"May 7, 2004"    ,      44.228
"May 8, 2004"    ,      44.585
"May 9, 2004"    ,      45.909
"May 10, 2004"   ,      46.319
"May 11, 2004"   ,      52.059
"May 12, 2004"   ,      49.875
"May 13, 2004"   ,      52.492
"May 14, 2004"   ,      46.215
"May 15, 2004"   ,      47.47
"May 16, 2004"   ,      48.269
"May 17, 2004"   ,      45.159
"May 18, 2004"   ,      51.087
"May 19, 2004"   ,      44.982
"May 20, 2004"   ,      50.068
"May 21, 2004"   ,      48.664
"May 22, 2004"   ,      46.843
"May 23, 2004"   ,      45.082
"May 24, 2004"   ,      48.738
"May 25, 2004"   ,      47.819
"May 26, 2004"   ,      45.069
"May 27, 2004"   ,      47.827
"May 28, 2004"   ,      46.039
"May 29, 2004"   ,      51.123
"May 30, 2004"   ,      45.146
"May 31, 2004"   ,      46.551
"Jun 1, 2004"    ,      45.128
"Jun 2, 2004"    ,      46.408
"Jun 3, 2004"    ,      52.801
"Jun 4, 2004"    ,      51.319
"Jun 5, 2004"    ,      54.175
"Jun 6, 2004"    ,      45.424
"Jun 7, 2004"    ,      44.409
"Jun 8, 2004"    ,      47.546
"Jun 9, 2004"    ,      46.025
"Jun 10, 2004"   ,      49.983
"Jun 11, 2004"   ,      46.931
"Jun 12, 2004"   ,      50.69
"Jun 13, 2004"   ,      43.118
"Jun 14, 2004"   ,      44.971
"Jun 15, 2004"   ,      36.748
"Jun 16, 2004"   ,      43.133
"Jun 17, 2004"   ,      47.552
"Jun 18, 2004"   ,      44.206
"Jun 19, 2004"   ,      46.628
"Jun 20, 2004"   ,      41.863
"Jun 21, 2004"   ,      48.736
"Jun 22, 2004"   ,      42.827
"Jun 23, 2004"   ,      47.33
"Jun 24, 2004"   ,      45.348
"Jun 25, 2004"   ,      44.21
"Jun 26, 2004"   ,      44.352
"Jun 27, 2004"   ,      41.674
"Jun 28, 2004"   ,      49.14
"Jun 29, 2004"   ,      45.321
"Jun 30, 2004"   ,      50.826
"Jul 1, 2004"    ,      47.288
"Jul 2, 2004"    ,      47.025
"Jul 3, 2004"    ,      44.599
"Jul 4, 2004"    ,      41.571
"Jul 5, 2004"    ,      44.599
"Jul 6, 2004"    ,      38.211
"Jul 7, 2004"    ,      43.145
"Jul 8, 2004"    ,      40.199
"Jul 9, 2004"    ,      42.977
"Jul 10, 2004"   ,      41.792
"Jul 11, 2004"   ,      46.119
"Jul 12, 2004"   ,      47.382
"Jul 13, 2004"   ,      39.711
"Jul 14, 2004"   ,      45.459
"Jul 15, 2004"   ,      44.51
"Jul 16, 2004"   ,      49.032
"Jul 17, 2004"   ,      43.671
"Jul 18, 2004"   ,      44.597
"Jul 19, 2004"   ,      38.451
"Jul 20, 2004"   ,      37.833
"Jul 21, 2004"   ,      42.325
"Jul 22, 2004"   ,      40.029
"Jul 23, 2004"   ,      47.17
"Jul 24, 2004"   ,      45.354
"Jul 25, 2004"   ,      48.482
"Jul 26, 2004"   ,      46.052
"Jul 27, 2004"   ,      45.023
"Jul 28, 2004"   ,      44.318
"Jul 29, 2004"   ,      39.804
"Jul 30, 2004"   ,      41.315
"Jul 31, 2004"   ,      41.017
"Aug 1, 2004"    ,      41.262
"Aug 2, 2004"    ,      39.388
"Aug 3, 2004"    ,      42.013
"Aug 4, 2004"    ,      42.195
"Aug 5, 2004"    ,      44.584
"Aug 6, 2004"    ,      43.807
"Aug 7, 2004"    ,      38.371
"Aug 8, 2004"    ,      36.472
"Aug 9, 2004"    ,      36.885
"Aug 10, 2004"   ,      40.06
"Aug 11, 2004"   ,      41.24
"Aug 12, 2004"   ,      44.18
"Aug 13, 2004"   ,      46.458
"Aug 14, 2004"   ,      44.29
"Aug 15, 2004"   ,      44.954
"Aug 16, 2004"   ,      40.508
"Aug 17, 2004"   ,      41.841
"Aug 18, 2004"   ,      38.889
"Aug 19, 2004"   ,      40.168
"Aug 20, 2004"   ,      42.134
"Aug 21, 2004"   ,      42.458
"Aug 22, 2004"   ,      46.155
"Aug 23, 2004"   ,      43.468
"Aug 24, 2004"   ,      48.115
"Aug 25, 2004"   ,      43.844
"Aug 26, 2004"   ,      45.814
"Aug 27, 2004"   ,      40.656
"Aug 28, 2004"   ,      43.797
"Aug 29, 2004"   ,      46.382
"Aug 30, 2004"   ,      42.147
"Aug 31, 2004"   ,      44.761
"Sep 1, 2004"    ,      40.769
"Sep 2, 2004"    ,      45.116
"Sep 3, 2004"    ,      43.1
"Sep 4, 2004"    ,      46.967
"Sep 5, 2004"    ,      47.022
"Sep 6, 2004"    ,      46.242
"Sep 7, 2004"    ,      48.842
"Sep 8, 2004"    ,      44.105
"Sep 9, 2004"    ,      46.175
"Sep 10, 2004"   ,      41.564
"Sep 11, 2004"   ,      45.677
"Sep 12, 2004"   ,      43.063
"Sep 13, 2004"   ,      42.354
"Sep 14, 2004"   ,      43.361
"Sep 15, 2004"   ,      38.742
"Sep 16, 2004"   ,      39.599
"Sep 17, 2004"   ,      34.338
"Sep 18, 2004"   ,      41.781
"Sep 19, 2004"   ,      40.4
"Sep 20, 2004"   ,      41.874
"Sep 21, 2004"   ,      38.67
"Sep 22, 2004"   ,      38.829
"Sep 23, 2004"   ,      44.184
"Sep 24, 2004"   ,      43.354
"Sep 25, 2004"   ,      45.548
"Sep 26, 2004"   ,      42.087
"Sep 27, 2004"   ,      42.999
"Sep 28, 2004"   ,      41.563
"Sep 29, 2004"   ,      44.178
"Sep 30, 2004"   ,      44.599
"Oct 1, 2004"    ,      41.443
"Oct 2, 2004"    ,      45.034
"Oct 3, 2004"    ,      42.565
"Oct 4, 2004"    ,      43.944
"Oct 5, 2004"    ,      43.699
"Oct 6, 2004"    ,      43.757
"Oct 7, 2004"    ,      39.175
"Oct 8, 2004"    ,      35.632
"Oct 9, 2004"    ,      33.055
"Oct 10, 2004"   ,      34.594
"Oct 11, 2004"   ,      38.918
"Oct 12, 2004"   ,      38.669
"Oct 13, 2004"   ,      39.123
"Oct 14, 2004"   ,      39.377
"Oct 15, 2004"   ,      39.62
"Oct 16, 2004"   ,      37.897
"Oct 17, 2004"   ,      37.511
"Oct 18, 2004"   ,      39.89
"Oct 19, 2004"   ,      37.718
"Oct 20, 2004"   ,      38.128
"Oct 21, 2004"   ,      37.674
"Oct 22, 2004"   ,      39.063
"Oct 23, 2004"   ,      39.295
"Oct 24, 2004"   ,      38.74
"Oct 25, 2004"   ,      36.732
"Oct 26, 2004"   ,      33.23
"Oct 27, 2004"   ,      36.451
"Oct 28, 2004"   ,      33.909
"Oct 29, 2004"   ,      35.297
"Oct 30, 2004"   ,      34.927
"Oct 31, 2004"   ,      34.991
"Nov 1, 2004"    ,      36.008
"Nov 2, 2004"    ,      35.203
"Nov 3, 2004"    ,      36.838
"Nov 4, 2004"    ,      36.266
"Nov 5, 2004"    ,      36.517
"Nov 6, 2004"    ,      35.729
"Nov 7, 2004"    ,      36.025
"Nov 8, 2004"    ,      36.448
"Nov 9, 2004"    ,      35.576
"Nov 10, 2004"   ,      36.416
"Nov 11, 2004"   ,      34.994
"Nov 12, 2004"   ,      35.846
"Nov 13, 2004"   ,      34.557
"Nov 14, 2004"   ,      35.252
"Nov 15, 2004"   ,      33.406
"Nov 16, 2004"   ,      31.387
"Nov 17, 2004"   ,      34.359
"Nov 18, 2004"   ,      33.509
"Nov 19, 2004"   ,      32.769
"Nov 20, 2004"   ,      35.007
"Nov 21, 2004"   ,      35.395
"Nov 22, 2004"   ,      33.821
"Nov 23, 2004"   ,      33.39
"Nov 24, 2004"   ,      32.08
"Nov 25, 2004"   ,      29.619
"Nov 26, 2004"   ,      29.65
"Nov 27, 2004"   ,      28.552
"Nov 28, 2004"   ,      30.661
"Nov 29, 2004"   ,      29.47
"Nov 30, 2004"   ,      26.088
"Dec 1, 2004"    ,      25.828
"Dec 2, 2004"    ,      24.488
"Dec 3, 2004"    ,      24.353
"Dec 4, 2004"    ,      20.636
"Dec 5, 2004"    ,      24.555
"Dec 6, 2004"    ,      24.009
"Dec 7, 2004"    ,      27.051
"Dec 8, 2004"    ,      26.066
"Dec 9, 2004"    ,      23.843
"Dec 10, 2004"   ,      29.837
"Dec 11, 2004"   ,      30.266
"Dec 12, 2004"   ,      29.555
"Dec 13, 2004"   ,      28.649
"Dec 14, 2004"   ,      29.461
"Dec 15, 2004"   ,      29.776
"Dec 16, 2004"   ,      29.558
"Dec 17, 2004"   ,      28.884
"Dec 18, 2004"   ,      28.081
"Dec 19, 2004"   ,      20.587
"Dec 20, 2004"   ,      23.736
"Dec 21, 2004"   ,      23.888
"Dec 22, 2004"   ,      23.235
"Dec 23, 2004"   ,      23.496
"Dec 24, 2004"   ,      23.914
"Dec 25, 2004"   ,      22.863
"Dec 26, 2004"   ,      23.877
"Dec 27, 2004"   ,      26.73
"Dec 28, 2004"   ,      20.931
"Dec 29, 2004"   ,      19.235
"Dec 30, 2004"   ,      19.472
"Dec 31, 2004"   ,      16.492
