system:time_start, precipitation
"Jan 1, 2005"    , 16.984
"Jan 2, 2005"    , 18.009
"Jan 3, 2005"    , 18.359
"Jan 4, 2005"    , 14.864
"Jan 5, 2005"    , 20.574
"Jan 6, 2005"    , 20.567
"Jan 7, 2005"    , 23.462
"Jan 8, 2005"    , 23.383
"Jan 9, 2005"    , 20.033
"Jan 10, 2005"   , 18.09
"Jan 11, 2005"   , 22.736
"Jan 12, 2005"   , 24.872
"Jan 13, 2005"   , 21.127
"Jan 14, 2005"   , 18.603
"Jan 15, 2005"   , 18.963
"Jan 16, 2005"   , 20.418
"Jan 17, 2005"   , 19.929
"Jan 18, 2005"   , 19.962
"Jan 19, 2005"   , 21.493
"Jan 20, 2005"   , 19.205
"Jan 21, 2005"   , 26.447
"Jan 22, 2005"   , 19.494
"Jan 23, 2005"   , 14.171
"Jan 24, 2005"   , 22.37
"Jan 25, 2005"   , 23.781
"Jan 26, 2005"   , 22.286
"Jan 27, 2005"   , 18.273
"Jan 28, 2005"   , 19.616
"Jan 29, 2005"   , 18.639
"Jan 30, 2005"   , 22.27
"Jan 31, 2005"   , 21.537
"Feb 1, 2005"    , 22.668
"Feb 2, 2005"    , 19.545
"Feb 3, 2005"    , 23.373
"Feb 4, 2005"    , 23.133
"Feb 5, 2005"    , 27.848
"Feb 6, 2005"    , 26.766
"Feb 7, 2005"    , 22.945
"Feb 8, 2005"    , 22.207
"Feb 9, 2005"    , 19.819
"Feb 10, 2005"   , 22.984
"Feb 11, 2005"   , 20.476
"Feb 12, 2005"   , 21.701
"Feb 13, 2005"   , 23.963
"Feb 14, 2005"   , 24.781
"Feb 15, 2005"   , 21.043
"Feb 16, 2005"   , 17.136
"Feb 17, 2005"   , 12.276
"Feb 18, 2005"   , 14.697
"Feb 19, 2005"   , 16.307
"Feb 20, 2005"   , 21.103
"Feb 21, 2005"   , 23.672
"Feb 22, 2005"   , 24.013
"Feb 23, 2005"   , 28.099
"Feb 24, 2005"   , 26.984
"Feb 25, 2005"   , 28.371
"Feb 26, 2005"   , 29.679
"Feb 27, 2005"   , 24.232
"Feb 28, 2005"   , 23.335
"Mar 1, 2005"    , 28.084
"Mar 2, 2005"    , 23.758
"Mar 3, 2005"    , 25.147
"Mar 4, 2005"    , 25.612
"Mar 5, 2005"    , 25.814
"Mar 6, 2005"    , 29.909
"Mar 7, 2005"    , 25.859
"Mar 8, 2005"    , 20.409
"Mar 9, 2005"    , 27.614
"Mar 10, 2005"   , 28.015
"Mar 11, 2005"   , 31.02
"Mar 12, 2005"   , 33.326
"Mar 13, 2005"   , 35.961
"Mar 14, 2005"   , 35.396
"Mar 15, 2005"   , 33.922
"Mar 16, 2005"   , 32.497
"Mar 17, 2005"   , 30.439
"Mar 18, 2005"   , 32.532
"Mar 19, 2005"   , 34.305
"Mar 20, 2005"   , 35.092
"Mar 21, 2005"   , 29.761
"Mar 22, 2005"   , 34.267
"Mar 23, 2005"   , 35.069
"Mar 24, 2005"   , 35.062
"Mar 25, 2005"   , 34.582
"Mar 26, 2005"   , 33.75
"Mar 27, 2005"   , 33.592
"Mar 28, 2005"   , 32.893
"Mar 29, 2005"   , 37.276
"Mar 30, 2005"   , 37.79
"Mar 31, 2005"   , 40.558
"Apr 1, 2005"    , 41.896
"Apr 2, 2005"    , 42.157
"Apr 3, 2005"    , 44.936
"Apr 4, 2005"    , 43.658
"Apr 5, 2005"    , 43.381
"Apr 6, 2005"    , 30.889
"Apr 7, 2005"    , 30.947
"Apr 8, 2005"    , 34.967
"Apr 9, 2005"    , 32.376
"Apr 10, 2005"   , 35.757
"Apr 11, 2005"   , 37.198
"Apr 12, 2005"   , 39.933
"Apr 13, 2005"   , 37.482
"Apr 14, 2005"   , 40.507
"Apr 15, 2005"   , 41.181
"Apr 16, 2005"   , 44.805
"Apr 17, 2005"   , 45.323
"Apr 18, 2005"   , 45.662
"Apr 19, 2005"   , 39.816
"Apr 20, 2005"   , 36.238
"Apr 21, 2005"   , 39.899
"Apr 22, 2005"   , 43.9
"Apr 23, 2005"   , 45.59
"Apr 24, 2005"   , 40.91
"Apr 25, 2005"   , 40.101
"Apr 26, 2005"   , 42.586
"Apr 27, 2005"   , 42.12
"Apr 28, 2005"   , 42.807
"Apr 29, 2005"   , 41.175
"Apr 30, 2005"   , 42.205
"May 1, 2005"    , 38.364
"May 2, 2005"    , 39.488
"May 3, 2005"    , 39.598
"May 4, 2005"    , 40.082
"May 5, 2005"    , 41.677
"May 6, 2005"    , 33.679
"May 7, 2005"    , 43.086
"May 8, 2005"    , 34.4
"May 9, 2005"    , 44.755
"May 10, 2005"   , 47.565
"May 11, 2005"   , 48.114
"May 12, 2005"   , 46.841
"May 13, 2005"   , 43.368
"May 14, 2005"   , 45.52
"May 15, 2005"   , 43.266
"May 16, 2005"   , 48.64
"May 17, 2005"   , 45.539
"May 18, 2005"   , 48.356
"May 19, 2005"   , 46.182
"May 20, 2005"   , 42.536
"May 21, 2005"   , 46.439
"May 22, 2005"   , 39.197
"May 23, 2005"   , 45.838
"May 24, 2005"   , 44.098
"May 25, 2005"   , 46.213
"May 26, 2005"   , 47.224
"May 27, 2005"   , 47.334
"May 28, 2005"   , 48.851
"May 29, 2005"   , 43.845
"May 30, 2005"   , 46.488
"May 31, 2005"   , 43.812
"Jun 1, 2005"    , 47.472
"Jun 2, 2005"    , 46.149
"Jun 3, 2005"    , 51.24
"Jun 4, 2005"    , 51.129
"Jun 5, 2005"    , 48.462
"Jun 6, 2005"    , 48.927
"Jun 7, 2005"    , 47.884
"Jun 8, 2005"    , 53.375
"Jun 9, 2005"    , 44.818
"Jun 10, 2005"   , 42.315
"Jun 11, 2005"   , 44.154
"Jun 12, 2005"   , 44.179
"Jun 13, 2005"   , 46.682
"Jun 14, 2005"   , 44.629
"Jun 15, 2005"   , 49.168
"Jun 16, 2005"   , 47.667
"Jun 17, 2005"   , 51.452
"Jun 18, 2005"   , 49.706
"Jun 19, 2005"   , 50.789
"Jun 20, 2005"   , 50.247
"Jun 21, 2005"   , 49.237
"Jun 22, 2005"   , 52.266
"Jun 23, 2005"   , 50.588
"Jun 24, 2005"   , 52.867
"Jun 25, 2005"   , 45
"Jun 26, 2005"   , 44.529
"Jun 27, 2005"   , 46.26
"Jun 28, 2005"   , 45.831
"Jun 29, 2005"   , 43.788
"Jun 30, 2005"   , 42.012
"Jul 1, 2005"    , 47.81
"Jul 2, 2005"    , 43.878
"Jul 3, 2005"    , 46.996
"Jul 4, 2005"    , 46.498
"Jul 5, 2005"    , 44.962
"Jul 6, 2005"    , 43.437
"Jul 7, 2005"    , 42.084
"Jul 8, 2005"    , 45.647
"Jul 9, 2005"    , 39.059
"Jul 10, 2005"   , 45.402
"Jul 11, 2005"   , 41.575
"Jul 12, 2005"   , 45.905
"Jul 13, 2005"   , 44.716
"Jul 14, 2005"   , 43.516
"Jul 15, 2005"   , 46.45
"Jul 16, 2005"   , 38.798
"Jul 17, 2005"   , 43.724
"Jul 18, 2005"   , 42.984
"Jul 19, 2005"   , 46.469
"Jul 20, 2005"   , 44.695
"Jul 21, 2005"   , 45.446
"Jul 22, 2005"   , 46.395
"Jul 23, 2005"   , 44.66
"Jul 24, 2005"   , 46.502
"Jul 25, 2005"   , 43.776
"Jul 26, 2005"   , 48.801
"Jul 27, 2005"   , 43.911
"Jul 28, 2005"   , 45.331
"Jul 29, 2005"   , 44.287
"Jul 30, 2005"   , 45.57
"Jul 31, 2005"   , 46.906
"Aug 1, 2005"    , 43.101
"Aug 2, 2005"    , 48.775
"Aug 3, 2005"    , 43.296
"Aug 4, 2005"    , 48.285
"Aug 5, 2005"    , 46.815
"Aug 6, 2005"    , 47.813
"Aug 7, 2005"    , 44.905
"Aug 8, 2005"    , 41.091
"Aug 9, 2005"    , 42.408
"Aug 10, 2005"   , 40.584
"Aug 11, 2005"   , 44.709
"Aug 12, 2005"   , 42.696
"Aug 13, 2005"   , 46.19
"Aug 14, 2005"   , 44.718
"Aug 15, 2005"   , 45.875
"Aug 16, 2005"   , 45.085
"Aug 17, 2005"   , 40.622
"Aug 18, 2005"   , 46.328
"Aug 19, 2005"   , 45.012
"Aug 20, 2005"   , 49.451
"Aug 21, 2005"   , 45.959
"Aug 22, 2005"   , 48.292
"Aug 23, 2005"   , 47.167
"Aug 24, 2005"   , 46.074
"Aug 25, 2005"   , 47.202
"Aug 26, 2005"   , 44.052
"Aug 27, 2005"   , 46.796
"Aug 28, 2005"   , 42.567
"Aug 29, 2005"   , 44.668
"Aug 30, 2005"   , 45.675
"Aug 31, 2005"   , 47.238
"Sep 1, 2005"    , 47.096
"Sep 2, 2005"    , 44.51
"Sep 3, 2005"    , 48.604
"Sep 4, 2005"    , 45.677
"Sep 5, 2005"    , 49.225
"Sep 6, 2005"    , 46.994
"Sep 7, 2005"    , 48.509
"Sep 8, 2005"    , 46.345
"Sep 9, 2005"    , 40.513
"Sep 10, 2005"   , 40.926
"Sep 11, 2005"   , 36.649
"Sep 12, 2005"   , 42.772
"Sep 13, 2005"   , 42.063
"Sep 14, 2005"   , 43.46
"Sep 15, 2005"   , 43.242
"Sep 16, 2005"   , 44.489
"Sep 17, 2005"   , 45.496
"Sep 18, 2005"   , 43.177
"Sep 19, 2005"   , 45.356
"Sep 20, 2005"   , 43.101
"Sep 21, 2005"   , 46.902
"Sep 22, 2005"   , 45.473
"Sep 23, 2005"   , 45.03
"Sep 24, 2005"   , 43.806
"Sep 25, 2005"   , 44.19
"Sep 26, 2005"   , 44.653
"Sep 27, 2005"   , 42.002
"Sep 28, 2005"   , 44.877
"Sep 29, 2005"   , 43.973
"Sep 30, 2005"   , 45.524
"Oct 1, 2005"    , 44.51
"Oct 2, 2005"    , 44.319
"Oct 3, 2005"    , 43.452
"Oct 4, 2005"    , 40.783
"Oct 5, 2005"    , 44.05
"Oct 6, 2005"    , 42.557
"Oct 7, 2005"    , 45.07
"Oct 8, 2005"    , 41.617
"Oct 9, 2005"    , 43.699
"Oct 10, 2005"   , 43.343
"Oct 11, 2005"   , 40.997
"Oct 12, 2005"   , 39.816
"Oct 13, 2005"   , 36.874
"Oct 14, 2005"   , 41.15
"Oct 15, 2005"   , 38.613
"Oct 16, 2005"   , 40.917
"Oct 17, 2005"   , 40.336
"Oct 18, 2005"   , 40.843
"Oct 19, 2005"   , 41.004
"Oct 20, 2005"   , 39.219
"Oct 21, 2005"   , 41.094
"Oct 22, 2005"   , 39.998
"Oct 23, 2005"   , 41.736
"Oct 24, 2005"   , 37.226
"Oct 25, 2005"   , 36.376
"Oct 26, 2005"   , 37.845
"Oct 27, 2005"   , 36.289
"Oct 28, 2005"   , 38.612
"Oct 29, 2005"   , 37.961
"Oct 30, 2005"   , 38.769
"Oct 31, 2005"   , 34.795
"Nov 1, 2005"    , 36.02
"Nov 2, 2005"    , 33.649
"Nov 3, 2005"    , 33.806
"Nov 4, 2005"    , 34.351
"Nov 5, 2005"    , 33.595
"Nov 6, 2005"    , 35.078
"Nov 7, 2005"    , 34.167
"Nov 8, 2005"    , 35.615
"Nov 9, 2005"    , 32.614
"Nov 10, 2005"   , 33.632
"Nov 11, 2005"   , 31.947
"Nov 12, 2005"   , 31.462
"Nov 13, 2005"   , 33.342
"Nov 14, 2005"   , 32.498
"Nov 15, 2005"   , 33.083
"Nov 16, 2005"   , 31.041
"Nov 17, 2005"   , 31.81
"Nov 18, 2005"   , 33.88
"Nov 19, 2005"   , 34.515
"Nov 20, 2005"   , 31.234
"Nov 21, 2005"   , 31.702
"Nov 22, 2005"   , 33.267
"Nov 23, 2005"   , 31.718
"Nov 24, 2005"   , 32.072
"Nov 25, 2005"   , 31.172
"Nov 26, 2005"   , 29.063
"Nov 27, 2005"   , 
"Nov 28, 2005"   , 24.286
"Nov 29, 2005"   , 25.396
"Nov 30, 2005"   , 25.16
"Dec 1, 2005"    , 26.403
"Dec 2, 2005"    , 27.091
"Dec 3, 2005"    , 27.62
"Dec 4, 2005"    , 28.541
"Dec 5, 2005"    , 28.524
"Dec 6, 2005"    , 29.686
"Dec 7, 2005"    , 28.926
"Dec 8, 2005"    , 30.034
"Dec 9, 2005"    , 27.189
"Dec 10, 2005"   , 27.087
"Dec 11, 2005"   , 25.706
"Dec 12, 2005"   , 25.243
"Dec 13, 2005"   , 25.45
"Dec 14, 2005"   , 24.886
"Dec 15, 2005"   , 25.585
"Dec 16, 2005"   , 25.863
"Dec 17, 2005"   , 26.329
"Dec 18, 2005"   , 27.288
"Dec 19, 2005"   , 25.484
"Dec 20, 2005"   , 24.969
"Dec 21, 2005"   , 24.727
"Dec 22, 2005"   , 24.996
"Dec 23, 2005"   , 24.695
"Dec 24, 2005"   , 24.635
"Dec 25, 2005"   , 26.218
"Dec 26, 2005"   , 26.809
"Dec 27, 2005"   , 26.99
"Dec 28, 2005"   , 23.208
"Dec 29, 2005"   , 23.054
"Dec 30, 2005"   , 21.011
"Dec 31, 2005"   , 17.021
"Jan 1, 2006"    , 17.56
"Jan 2, 2006"    , 15.753
"Jan 3, 2006"    , 15.531
"Jan 4, 2006"    , 17.245
"Jan 5, 2006"    , 18.248
"Jan 6, 2006"    , 21.255
"Jan 7, 2006"    , 21.33
"Jan 8, 2006"    , 22.13
"Jan 9, 2006"    , 16.413
"Jan 10, 2006"   , 24.738
"Jan 11, 2006"   , 24.859
"Jan 12, 2006"   , 24.906
"Jan 13, 2006"   , 25.648
"Jan 14, 2006"   , 27.222
"Jan 15, 2006"   , 30.167
"Jan 16, 2006"   , 22.376
"Jan 17, 2006"   , 22.426
"Jan 18, 2006"   , 25.05
"Jan 19, 2006"   , 24.046
"Jan 20, 2006"   , 22.768
"Jan 21, 2006"   , 17.522
"Jan 22, 2006"   , 22.849
"Jan 23, 2006"   , 22.277
"Jan 24, 2006"   , 25.136
"Jan 25, 2006"   , 26.563
"Jan 26, 2006"   , 26.647
"Jan 27, 2006"   , 26.13
"Jan 28, 2006"   , 20.441
"Jan 29, 2006"   , 22.485
"Jan 30, 2006"   , 25.593
"Jan 31, 2006"   , 26.408
"Feb 1, 2006"    , 26.422
"Feb 2, 2006"    , 29.166
"Feb 3, 2006"    , 30.47
"Feb 4, 2006"    , 28.488
"Feb 5, 2006"    , 26.42
"Feb 6, 2006"    , 31.042
"Feb 7, 2006"    , 30.363
"Feb 8, 2006"    , 32.713
"Feb 9, 2006"    , 31.231
"Feb 10, 2006"   , 32.604
"Feb 11, 2006"   , 31.471
"Feb 12, 2006"   , 27.325
"Feb 13, 2006"   , 24.25
"Feb 14, 2006"   , 31.537
"Feb 15, 2006"   , 32.791
"Feb 16, 2006"   , 28.087
"Feb 17, 2006"   , 33.814
"Feb 18, 2006"   , 23.203
"Feb 19, 2006"   , 27.545
"Feb 20, 2006"   , 33.621
"Feb 21, 2006"   , 30.775
"Feb 22, 2006"   , 34.434
"Feb 23, 2006"   , 30.952
"Feb 24, 2006"   , 31.136
"Feb 25, 2006"   , 28.752
"Feb 26, 2006"   , 28.993
"Feb 27, 2006"   , 32.766
"Feb 28, 2006"   , 34.959
"Mar 1, 2006"    , 35.704
"Mar 2, 2006"    , 36.465
"Mar 3, 2006"    , 35.887
"Mar 4, 2006"    , 34.369
"Mar 5, 2006"    , 35.263
"Mar 6, 2006"    , 31.024
"Mar 7, 2006"    , 31.87
"Mar 8, 2006"    , 29.03
"Mar 9, 2006"    , 29.608
"Mar 10, 2006"   , 33.384
"Mar 11, 2006"   , 35.146
"Mar 12, 2006"   , 32.703
"Mar 13, 2006"   , 24.962
"Mar 14, 2006"   , 33.455
"Mar 15, 2006"   , 35.364
"Mar 16, 2006"   , 37.372
"Mar 17, 2006"   , 31.456
"Mar 18, 2006"   , 34.101
"Mar 19, 2006"   , 38.128
"Mar 20, 2006"   , 35.24
"Mar 21, 2006"   , 37.457
"Mar 22, 2006"   , 35.903
"Mar 23, 2006"   , 36.831
"Mar 24, 2006"   , 34.848
"Mar 25, 2006"   , 33.674
"Mar 26, 2006"   , 33.287
"Mar 27, 2006"   , 37.555
"Mar 28, 2006"   , 40.778
"Mar 29, 2006"   , 40.369
"Mar 30, 2006"   , 39.221
"Mar 31, 2006"   , 37.147
"Apr 1, 2006"    , 40.612
"Apr 2, 2006"    , 39.85
"Apr 3, 2006"    , 39.551
"Apr 4, 2006"    , 40.13
"Apr 5, 2006"    , 44.723
"Apr 6, 2006"    , 43.819
"Apr 7, 2006"    , 39.224
"Apr 8, 2006"    , 42.044
"Apr 9, 2006"    , 33.781
"Apr 10, 2006"   , 36.939
"Apr 11, 2006"   , 40.129
"Apr 12, 2006"   , 41.965
"Apr 13, 2006"   , 41.473
"Apr 14, 2006"   , 39.788
"Apr 15, 2006"   , 41.785
"Apr 16, 2006"   , 39.838
"Apr 17, 2006"   , 43.701
"Apr 18, 2006"   , 44.118
"Apr 19, 2006"   , 45.392
"Apr 20, 2006"   , 41.894
"Apr 21, 2006"   , 41.52
"Apr 22, 2006"   , 45.094
"Apr 23, 2006"   , 44.671
"Apr 24, 2006"   , 48.863
"Apr 25, 2006"   , 46.473
"Apr 26, 2006"   , 49.048
"Apr 27, 2006"   , 46.827
"Apr 28, 2006"   , 45.744
"Apr 29, 2006"   , 45.808
"Apr 30, 2006"   , 41.777
"May 1, 2006"    , 46.881
"May 2, 2006"    , 45.077
"May 3, 2006"    , 50.289
"May 4, 2006"    , 50.098
"May 5, 2006"    , 52.046
"May 6, 2006"    , 51.922
"May 7, 2006"    , 49.085
"May 8, 2006"    , 49.074
"May 9, 2006"    , 42.73
"May 10, 2006"   , 48.586
"May 11, 2006"   , 48.14
"May 12, 2006"   , 50.83
"May 13, 2006"   , 45.504
"May 14, 2006"   , 47.336
"May 15, 2006"   , 49.093
"May 16, 2006"   , 44.562
"May 17, 2006"   , 47.844
"May 18, 2006"   , 42.131
"May 19, 2006"   , 48.91
"May 20, 2006"   , 45.991
"May 21, 2006"   , 47.712
"May 22, 2006"   , 48.187
"May 23, 2006"   , 46.605
"May 24, 2006"   , 49.213
"May 25, 2006"   , 44.809
"May 26, 2006"   , 49.81
"May 27, 2006"   , 50.007
"May 28, 2006"   , 52.24
"May 29, 2006"   , 50.21
"May 30, 2006"   , 50.377
"May 31, 2006"   , 48.037
"Jun 1, 2006"    , 42.393
"Jun 2, 2006"    , 47.421
"Jun 3, 2006"    , 41.681
"Jun 4, 2006"    , 44.163
"Jun 5, 2006"    , 43.813
"Jun 6, 2006"    , 45.034
"Jun 7, 2006"    , 44.407
"Jun 8, 2006"    , 44.618
"Jun 9, 2006"    , 49.376
"Jun 10, 2006"   , 48.286
"Jun 11, 2006"   , 50.829
"Jun 12, 2006"   , 46.667
"Jun 13, 2006"   , 49.3
"Jun 14, 2006"   , 46.603
"Jun 15, 2006"   , 46.647
"Jun 16, 2006"   , 47.197
"Jun 17, 2006"   , 44.858
"Jun 18, 2006"   , 48.46
"Jun 19, 2006"   , 44.611
"Jun 20, 2006"   , 48.476
"Jun 21, 2006"   , 
"Jun 22, 2006"   , 47.908
"Jun 23, 2006"   , 47.691
"Jun 24, 2006"   , 48.6
"Jun 25, 2006"   , 50.6
"Jun 26, 2006"   , 43.514
"Jun 27, 2006"   , 47.117
"Jun 28, 2006"   , 45.941
"Jun 29, 2006"   , 47.935
"Jun 30, 2006"   , 47.434
"Jul 1, 2006"    , 45.282
"Jul 2, 2006"    , 48.39
"Jul 3, 2006"    , 42.68
"Jul 4, 2006"    , 47.265
"Jul 5, 2006"    , 42.398
"Jul 6, 2006"    , 42.993
"Jul 7, 2006"    , 40.025
"Jul 8, 2006"    , 44.921
"Jul 9, 2006"    , 45.925
"Jul 10, 2006"   , 40.127
"Jul 11, 2006"   , 41.72
"Jul 12, 2006"   , 33.9
"Jul 13, 2006"   , 40.207
"Jul 14, 2006"   , 39.591
"Jul 15, 2006"   , 45.66
"Jul 16, 2006"   , 47.017
"Jul 17, 2006"   , 48.167
"Jul 18, 2006"   , 47.324
"Jul 19, 2006"   , 42.799
"Jul 20, 2006"   , 47.76
"Jul 21, 2006"   , 41.34
"Jul 22, 2006"   , 47.196
"Jul 23, 2006"   , 44.713
"Jul 24, 2006"   , 43.417
"Jul 25, 2006"   , 42.597
"Jul 26, 2006"   , 38.986
"Jul 27, 2006"   , 43.174
"Jul 28, 2006"   , 40.606
"Jul 29, 2006"   , 44.969
"Jul 30, 2006"   , 44.816
"Jul 31, 2006"   , 40.543
"Aug 1, 2006"    , 38.704
"Aug 2, 2006"    , 39.184
"Aug 3, 2006"    , 41.94
"Aug 4, 2006"    , 36.751
"Aug 5, 2006"    , 41.615
"Aug 6, 2006"    , 39.585
"Aug 7, 2006"    , 45.213
"Aug 8, 2006"    , 43.471
"Aug 9, 2006"    , 44.607
"Aug 10, 2006"   , 44.981
"Aug 11, 2006"   , 42.042
"Aug 12, 2006"   , 43.68
"Aug 13, 2006"   , 41.846
"Aug 14, 2006"   , 45.355
"Aug 15, 2006"   , 33.87
"Aug 16, 2006"   , 37.559
"Aug 17, 2006"   , 44.528
"Aug 18, 2006"   , 38.964
"Aug 19, 2006"   , 39.96
"Aug 20, 2006"   , 39.657
"Aug 21, 2006"   , 42.2
"Aug 22, 2006"   , 41.344
"Aug 23, 2006"   , 
"Aug 24, 2006"   , 43.664
"Aug 25, 2006"   , 44.557
"Aug 26, 2006"   , 43.159
"Aug 27, 2006"   , 40.765
"Aug 28, 2006"   , 41.086
"Aug 29, 2006"   , 36.192
"Aug 30, 2006"   , 43.217
"Aug 31, 2006"   , 42.692
"Sep 1, 2006"    , 43.068
"Sep 2, 2006"    , 40.535
"Sep 3, 2006"    , 38.934
"Sep 4, 2006"    , 40.796
"Sep 5, 2006"    , 39.668
"Sep 6, 2006"    , 46.287
"Sep 7, 2006"    , 43.879
"Sep 8, 2006"    , 43.881
"Sep 9, 2006"    , 41.755
"Sep 10, 2006"   , 43.211
"Sep 11, 2006"   , 42.944
"Sep 12, 2006"   , 40.959
"Sep 13, 2006"   , 44.248
"Sep 14, 2006"   , 41.336
"Sep 15, 2006"   , 45.106
"Sep 16, 2006"   , 43.509
"Sep 17, 2006"   , 47.225
"Sep 18, 2006"   , 45.467
"Sep 19, 2006"   , 42.211
"Sep 20, 2006"   , 39.776
"Sep 21, 2006"   , 38.844
"Sep 22, 2006"   , 45.514
"Sep 23, 2006"   , 43.913
"Sep 24, 2006"   , 45.767
"Sep 25, 2006"   , 43.865
"Sep 26, 2006"   , 45.479
"Sep 27, 2006"   , 44.507
"Sep 28, 2006"   , 42.255
"Sep 29, 2006"   , 43.789
"Sep 30, 2006"   , 38.317
"Oct 1, 2006"    , 43.441
"Oct 2, 2006"    , 42.93
"Oct 3, 2006"    , 45.558
"Oct 4, 2006"    , 44.774
"Oct 5, 2006"    , 45.026
"Oct 6, 2006"    , 44.929
"Oct 7, 2006"    , 42.383
"Oct 8, 2006"    , 44.545
"Oct 9, 2006"    , 41.743
"Oct 10, 2006"   , 44.165
"Oct 11, 2006"   , 42.189
"Oct 12, 2006"   , 43.164
"Oct 13, 2006"   , 41.948
"Oct 14, 2006"   , 39.66
"Oct 15, 2006"   , 41.159
"Oct 16, 2006"   , 40.055
"Oct 17, 2006"   , 43.281
"Oct 18, 2006"   , 39.727
"Oct 19, 2006"   , 41.393
"Oct 20, 2006"   , 40.277
"Oct 21, 2006"   , 37.788
"Oct 22, 2006"   , 39.279
"Oct 23, 2006"   , 35.586
"Oct 24, 2006"   , 37.854
"Oct 25, 2006"   , 37.049
"Oct 26, 2006"   , 39.091
"Oct 27, 2006"   , 38.233
"Oct 28, 2006"   , 37.913
"Oct 29, 2006"   , 37.814
"Oct 30, 2006"   , 37.804
"Oct 31, 2006"   , 39.759
"Nov 1, 2006"    , 37.438
"Nov 2, 2006"    , 37.91
"Nov 3, 2006"    , 36.657
"Nov 4, 2006"    , 37.943
"Nov 5, 2006"    , 37.414
"Nov 6, 2006"    , 36.858
"Nov 7, 2006"    , 37.9
"Nov 8, 2006"    , 35.355
"Nov 9, 2006"    , 34.249
"Nov 10, 2006"   , 34.854
"Nov 11, 2006"   , 33.609
"Nov 12, 2006"   , 34.584
"Nov 13, 2006"   , 31.045
"Nov 14, 2006"   , 34.142
"Nov 15, 2006"   , 30.672
"Nov 16, 2006"   , 31.797
"Nov 17, 2006"   , 33.951
"Nov 18, 2006"   , 28.708
"Nov 19, 2006"   , 31.897
"Nov 20, 2006"   , 29.345
"Nov 21, 2006"   , 29.565
"Nov 22, 2006"   , 24.214
"Nov 23, 2006"   , 25.006
"Nov 24, 2006"   , 25.481
"Nov 25, 2006"   , 26.115
"Nov 26, 2006"   , 26.957
"Nov 27, 2006"   , 28.035
"Nov 28, 2006"   , 26.541
"Nov 29, 2006"   , 25.995
"Nov 30, 2006"   , 26.431
"Dec 1, 2006"    , 26.282
"Dec 2, 2006"    , 20.657
"Dec 3, 2006"    , 21.876
"Dec 4, 2006"    , 19.951
"Dec 5, 2006"    , 15.794
"Dec 6, 2006"    , 15.716
"Dec 7, 2006"    , 14.932
"Dec 8, 2006"    , 17.568
"Dec 9, 2006"    , 21.15
"Dec 10, 2006"   , 22.595
"Dec 11, 2006"   , 19.303
"Dec 12, 2006"   , 21.483
"Dec 13, 2006"   , 23.055
"Dec 14, 2006"   , 23.22
"Dec 15, 2006"   , 23.003
"Dec 16, 2006"   , 23.105
"Dec 17, 2006"   , 22.899
"Dec 18, 2006"   , 24.769
"Dec 19, 2006"   , 24.941
"Dec 20, 2006"   , 22.989
"Dec 21, 2006"   , 21.992
"Dec 22, 2006"   , 21.144
"Dec 23, 2006"   , 20.888
"Dec 24, 2006"   , 22.945
"Dec 25, 2006"   , 22.402
"Dec 26, 2006"   , 20.555
"Dec 27, 2006"   , 20.281
"Dec 28, 2006"   , 22.118
"Dec 29, 2006"   , 22.105
"Dec 30, 2006"   , 21.424
"Dec 31, 2006"   , 19.46
"Jan 1, 2007"    , 19.711
"Jan 2, 2007"    , 19.124
"Jan 3, 2007"    , 18.009
"Jan 4, 2007"    , 20.002
"Jan 5, 2007"    , 18.579
"Jan 6, 2007"    , 16.571
"Jan 7, 2007"    , 17.743
"Jan 8, 2007"    , 18.877
"Jan 9, 2007"    , 21.17
"Jan 10, 2007"   , 21.711
"Jan 11, 2007"   , 18.562
"Jan 12, 2007"   , 20.283
"Jan 13, 2007"   , 22.072
"Jan 14, 2007"   , 23.705
"Jan 15, 2007"   , 22.393
"Jan 16, 2007"   , 22.95
"Jan 17, 2007"   , 22.864
"Jan 18, 2007"   , 14.576
"Jan 19, 2007"   , 15.18
"Jan 20, 2007"   , 20.831
"Jan 21, 2007"   , 22.937
"Jan 22, 2007"   , 23.967
"Jan 23, 2007"   , 24.529
"Jan 24, 2007"   , 23.272
"Jan 25, 2007"   , 23.701
"Jan 26, 2007"   , 22.779
"Jan 27, 2007"   , 24.584
"Jan 28, 2007"   , 26.015
"Jan 29, 2007"   , 27.035
"Jan 30, 2007"   , 27.336
"Jan 31, 2007"   , 27.553
"Feb 1, 2007"    , 28.393
"Feb 2, 2007"    , 29.122
"Feb 3, 2007"    , 31.652
"Feb 4, 2007"    , 28.667
"Feb 5, 2007"    , 29.336
"Feb 6, 2007"    , 28.388
"Feb 7, 2007"    , 28.684
"Feb 8, 2007"    , 29.244
"Feb 9, 2007"    , 21.036
"Feb 10, 2007"   , 24.436
"Feb 11, 2007"   , 24.777
"Feb 12, 2007"   , 25.77
"Feb 13, 2007"   , 25.278
"Feb 14, 2007"   , 24.735
"Feb 15, 2007"   , 28.698
"Feb 16, 2007"   , 26.828
"Feb 17, 2007"   , 27.388
"Feb 18, 2007"   , 28.439
"Feb 19, 2007"   , 27.906
"Feb 20, 2007"   , 29.448
"Feb 21, 2007"   , 29.337
"Feb 22, 2007"   , 25.284
"Feb 23, 2007"   , 27.45
"Feb 24, 2007"   , 32.77
"Feb 25, 2007"   , 27.809
"Feb 26, 2007"   , 29.79
"Feb 27, 2007"   , 27.906
"Feb 28, 2007"   , 23.348
"Mar 1, 2007"    , 27.103
"Mar 2, 2007"    , 28.882
"Mar 3, 2007"    , 29.369
"Mar 4, 2007"    , 28.389
"Mar 5, 2007"    , 31.634
"Mar 6, 2007"    , 33.349
"Mar 7, 2007"    , 32.303
"Mar 8, 2007"    , 27.184
"Mar 9, 2007"    , 25.289
"Mar 10, 2007"   , 30.028
"Mar 11, 2007"   , 26.978
"Mar 12, 2007"   , 26.389
"Mar 13, 2007"   , 26.969
"Mar 14, 2007"   , 29.007
"Mar 15, 2007"   , 31.621
"Mar 16, 2007"   , 29.268
"Mar 17, 2007"   , 33.233
"Mar 18, 2007"   , 31.482
"Mar 19, 2007"   , 26.331
"Mar 20, 2007"   , 27.394
"Mar 21, 2007"   , 29.52
"Mar 22, 2007"   , 32.334
"Mar 23, 2007"   , 32.131
"Mar 24, 2007"   , 32.218
"Mar 25, 2007"   , 34.943
"Mar 26, 2007"   , 38.211
"Mar 27, 2007"   , 37.252
"Mar 28, 2007"   , 38.494
"Mar 29, 2007"   , 39.133
"Mar 30, 2007"   , 36.699
"Mar 31, 2007"   , 35.801
"Apr 1, 2007"    , 35.233
"Apr 2, 2007"    , 39.692
"Apr 3, 2007"    , 36.716
"Apr 4, 2007"    , 34.915
"Apr 5, 2007"    , 38.661
"Apr 6, 2007"    , 42.001
"Apr 7, 2007"    , 41.646
"Apr 8, 2007"    , 41.233
"Apr 9, 2007"    , 40.492
"Apr 10, 2007"   , 42.892
"Apr 11, 2007"   , 46.949
"Apr 12, 2007"   , 45.922
"Apr 13, 2007"   , 47.796
"Apr 14, 2007"   , 45.418
"Apr 15, 2007"   , 46.261
"Apr 16, 2007"   , 43.774
"Apr 17, 2007"   , 43.815
"Apr 18, 2007"   , 46.634
"Apr 19, 2007"   , 44.118
"Apr 20, 2007"   , 46.893
"Apr 21, 2007"   , 44.658
"Apr 22, 2007"   , 45.006
"Apr 23, 2007"   , 44.383
"Apr 24, 2007"   , 45.518
"Apr 25, 2007"   , 49.666
"Apr 26, 2007"   , 48.522
"Apr 27, 2007"   , 49.453
"Apr 28, 2007"   , 45.861
"Apr 29, 2007"   , 49.015
"Apr 30, 2007"   , 46.682
"May 1, 2007"    , 48.525
"May 2, 2007"    , 49.883
"May 3, 2007"    , 46.517
"May 4, 2007"    , 49.227
"May 5, 2007"    , 48.481
"May 6, 2007"    , 53.204
"May 7, 2007"    , 47.796
"May 8, 2007"    , 43.131
"May 9, 2007"    , 44.297
"May 10, 2007"   , 46.661
"May 11, 2007"   , 48.613
"May 12, 2007"   , 46.568
"May 13, 2007"   , 50.304
"May 14, 2007"   , 47.387
"May 15, 2007"   , 49.548
"May 16, 2007"   , 45.876
"May 17, 2007"   , 47.17
"May 18, 2007"   , 46.133
"May 19, 2007"   , 41.018
"May 20, 2007"   , 46.669
"May 21, 2007"   , 44.479
"May 22, 2007"   , 46.795
"May 23, 2007"   , 45.668
"May 24, 2007"   , 47.432
"May 25, 2007"   , 44.138
"May 26, 2007"   , 46.147
"May 27, 2007"   , 48.126
"May 28, 2007"   , 42.481
"May 29, 2007"   , 47.01
"May 30, 2007"   , 42.133
"May 31, 2007"   , 47.939
"Jun 1, 2007"    , 47.063
"Jun 2, 2007"    , 45.408
"Jun 3, 2007"    , 49.016
"Jun 4, 2007"    , 44.518
"Jun 5, 2007"    , 44.823
"Jun 6, 2007"    , 40.532
"Jun 7, 2007"    , 47.741
"Jun 8, 2007"    , 45.677
"Jun 9, 2007"    , 51.677
"Jun 10, 2007"   , 51.909
"Jun 11, 2007"   , 50.818
"Jun 12, 2007"   , 51.779
"Jun 13, 2007"   , 46.769
"Jun 14, 2007"   , 51.037
"Jun 15, 2007"   , 44.499
"Jun 16, 2007"   , 46.15
"Jun 17, 2007"   , 45.806
"Jun 18, 2007"   , 45.88
"Jun 19, 2007"   , 48.091
"Jun 20, 2007"   , 46.379
"Jun 21, 2007"   , 48.186
"Jun 22, 2007"   , 40.534
"Jun 23, 2007"   , 47.761
"Jun 24, 2007"   , 39.412
"Jun 25, 2007"   , 41.802
"Jun 26, 2007"   , 38.395
"Jun 27, 2007"   , 34.754
"Jun 28, 2007"   , 34.806
"Jun 29, 2007"   , 36.368
"Jun 30, 2007"   , 37.976
"Jul 1, 2007"    , 36.415
"Jul 2, 2007"    , 37.288
"Jul 3, 2007"    , 33.791
"Jul 4, 2007"    , 39.349
"Jul 5, 2007"    , 44.442
"Jul 6, 2007"    , 44.261
"Jul 7, 2007"    , 45.181
"Jul 8, 2007"    , 39.265
"Jul 9, 2007"    , 41.548
"Jul 10, 2007"   , 42.153
"Jul 11, 2007"   , 45.71
"Jul 12, 2007"   , 44.169
"Jul 13, 2007"   , 43.37
"Jul 14, 2007"   , 43.94
"Jul 15, 2007"   , 36.261
"Jul 16, 2007"   , 41.79
"Jul 17, 2007"   , 43.278
"Jul 18, 2007"   , 43.098
"Jul 19, 2007"   , 42.076
"Jul 20, 2007"   , 40.524
"Jul 21, 2007"   , 31.138
"Jul 22, 2007"   , 36.098
"Jul 23, 2007"   , 41.216
"Jul 24, 2007"   , 43.604
"Jul 25, 2007"   , 43.064
"Jul 26, 2007"   , 41.5
"Jul 27, 2007"   , 43.134
"Jul 28, 2007"   , 41.636
"Jul 29, 2007"   , 41.006
"Jul 30, 2007"   , 45.256
"Jul 31, 2007"   , 42.634
"Aug 1, 2007"    , 46.117
"Aug 2, 2007"    , 42.352
"Aug 3, 2007"    , 44.4
"Aug 4, 2007"    , 43.096
"Aug 5, 2007"    , 44.618
"Aug 6, 2007"    , 45.052
"Aug 7, 2007"    , 42.32
"Aug 8, 2007"    , 47.973
"Aug 9, 2007"    , 43.873
"Aug 10, 2007"   , 46.681
"Aug 11, 2007"   , 42.005
"Aug 12, 2007"   , 37.9
"Aug 13, 2007"   , 37.812
"Aug 14, 2007"   , 40.431
"Aug 15, 2007"   , 44.555
"Aug 16, 2007"   , 42.783
"Aug 17, 2007"   , 46.993
"Aug 18, 2007"   , 44.701
"Aug 19, 2007"   , 45.927
"Aug 20, 2007"   , 45.929
"Aug 21, 2007"   , 45.745
"Aug 22, 2007"   , 45.307
"Aug 23, 2007"   , 39.394
"Aug 24, 2007"   , 42.428
"Aug 25, 2007"   , 39.426
"Aug 26, 2007"   , 42.703
"Aug 27, 2007"   , 40.15
"Aug 28, 2007"   , 44.383
"Aug 29, 2007"   , 44.523
"Aug 30, 2007"   , 44.974
"Aug 31, 2007"   , 46.161
"Sep 1, 2007"    , 43.831
"Sep 2, 2007"    , 46.99
"Sep 3, 2007"    , 43.433
"Sep 4, 2007"    , 44.961
"Sep 5, 2007"    , 39.82
"Sep 6, 2007"    , 40.859
"Sep 7, 2007"    , 42.54
"Sep 8, 2007"    , 39.162
"Sep 9, 2007"    , 44.429
"Sep 10, 2007"   , 42.508
"Sep 11, 2007"   , 45.605
"Sep 12, 2007"   , 41.815
"Sep 13, 2007"   , 44.45
"Sep 14, 2007"   , 44.762
"Sep 15, 2007"   , 44.461
"Sep 16, 2007"   , 44.979
"Sep 17, 2007"   , 41.045
"Sep 18, 2007"   , 44.914
"Sep 19, 2007"   , 42.113
"Sep 20, 2007"   , 43.667
"Sep 21, 2007"   , 42.041
"Sep 22, 2007"   , 41.774
"Sep 23, 2007"   , 36.331
"Sep 24, 2007"   , 34.716
"Sep 25, 2007"   , 41.224
"Sep 26, 2007"   , 39.756
"Sep 27, 2007"   , 42.798
"Sep 28, 2007"   , 38.37
"Sep 29, 2007"   , 39.893
"Sep 30, 2007"   , 40.794
"Oct 1, 2007"    , 40.863
"Oct 2, 2007"    , 38.795
"Oct 3, 2007"    , 33.943
"Oct 4, 2007"    , 37.594
"Oct 5, 2007"    , 33.71
"Oct 6, 2007"    , 38.625
"Oct 7, 2007"    , 37.271
"Oct 8, 2007"    , 39.132
"Oct 9, 2007"    , 38.518
"Oct 10, 2007"   , 35.687
"Oct 11, 2007"   , 38.224
"Oct 12, 2007"   , 38.05
"Oct 13, 2007"   , 40.546
"Oct 14, 2007"   , 39.281
"Oct 15, 2007"   , 40.55
"Oct 16, 2007"   , 40.369
"Oct 17, 2007"   , 39.924
"Oct 18, 2007"   , 40.543
"Oct 19, 2007"   , 39.238
"Oct 20, 2007"   , 39.831
"Oct 21, 2007"   , 37.566
"Oct 22, 2007"   , 38.79
"Oct 23, 2007"   , 38
"Oct 24, 2007"   , 38.093
"Oct 25, 2007"   , 38.724
"Oct 26, 2007"   , 36.419
"Oct 27, 2007"   , 37.23
"Oct 28, 2007"   , 36.314
"Oct 29, 2007"   , 35.993
"Oct 30, 2007"   , 36.038
"Oct 31, 2007"   , 37.145
"Nov 1, 2007"    , 37.566
"Nov 2, 2007"    , 37.286
"Nov 3, 2007"    , 37.492
"Nov 4, 2007"    , 38.491
"Nov 5, 2007"    , 39.202
"Nov 6, 2007"    , 38.545
"Nov 7, 2007"    , 37.11
"Nov 8, 2007"    , 36.568
"Nov 9, 2007"    , 36.099
"Nov 10, 2007"   , 36.291
"Nov 11, 2007"   , 34.617
"Nov 12, 2007"   , 35.001
"Nov 13, 2007"   , 35.099
"Nov 14, 2007"   , 34.835
"Nov 15, 2007"   , 33.17
"Nov 16, 2007"   , 32.981
"Nov 17, 2007"   , 33.458
"Nov 18, 2007"   , 32.409
"Nov 19, 2007"   , 31.051
"Nov 20, 2007"   , 32.381
"Nov 21, 2007"   , 34.182
"Nov 22, 2007"   , 33.487
"Nov 23, 2007"   , 33.501
"Nov 24, 2007"   , 32.889
"Nov 25, 2007"   , 30.551
"Nov 26, 2007"   , 31.969
"Nov 27, 2007"   , 30.506
"Nov 28, 2007"   , 27.657
"Nov 29, 2007"   , 29.086
"Nov 30, 2007"   , 28.285
"Dec 1, 2007"    , 26.816
"Dec 2, 2007"    , 22.684
"Dec 3, 2007"    , 24.506
"Dec 4, 2007"    , 25.019
"Dec 5, 2007"    , 27.327
"Dec 6, 2007"    , 29.351
"Dec 7, 2007"    , 27.892
"Dec 8, 2007"    , 27.44
"Dec 9, 2007"    , 26.97
"Dec 10, 2007"   , 28.175
"Dec 11, 2007"   , 23.103
"Dec 12, 2007"   , 23.251
"Dec 13, 2007"   , 23.665
"Dec 14, 2007"   , 23.674
"Dec 15, 2007"   , 26.217
"Dec 16, 2007"   , 25.111
"Dec 17, 2007"   , 25.344
"Dec 18, 2007"   , 25.118
"Dec 19, 2007"   , 26.238
"Dec 20, 2007"   , 25.215
"Dec 21, 2007"   , 27.27
"Dec 22, 2007"   , 26.63
"Dec 23, 2007"   , 24.245
"Dec 24, 2007"   , 22.27
"Dec 25, 2007"   , 21.894
"Dec 26, 2007"   , 20.84
"Dec 27, 2007"   , 20.769
"Dec 28, 2007"   , 19.11
"Dec 29, 2007"   , 19.996
"Dec 30, 2007"   , 19.731
"Dec 31, 2007"   , 21.611
"Jan 1, 2008"    , 21.446
"Jan 2, 2008"    , 22.115
"Jan 3, 2008"    , 20.1
"Jan 4, 2008"    , 23.431
"Jan 5, 2008"    , 26.173
"Jan 6, 2008"    , 20.152
"Jan 7, 2008"    , 21.649
"Jan 8, 2008"    , 15.605
"Jan 9, 2008"    , 16.86
"Jan 10, 2008"   , 16.625
"Jan 11, 2008"   , 16.082
"Jan 12, 2008"   , 14.402
"Jan 13, 2008"   , 20.404
"Jan 14, 2008"   , 11.953
"Jan 15, 2008"   , 21.231
"Jan 16, 2008"   , -9.076
"Jan 17, 2008"   , 14.235
"Jan 18, 2008"   , 13.908
"Jan 19, 2008"   , 10.457
"Jan 20, 2008"   , 14.615
"Jan 21, 2008"   , 18.278
"Jan 22, 2008"   , 15.636
"Jan 23, 2008"   , 19.245
"Jan 24, 2008"   , 13.556
"Jan 25, 2008"   , 20.212
"Jan 26, 2008"   , 16.87
"Jan 27, 2008"   , 17.935
"Jan 28, 2008"   , 11.754
"Jan 29, 2008"   , 19.766
"Jan 30, 2008"   , 21.769
"Jan 31, 2008"   , 21.882
"Feb 1, 2008"    , 20.565
"Feb 2, 2008"    , 14.862
"Feb 3, 2008"    , 15.544
"Feb 4, 2008"    , 15.903
"Feb 5, 2008"    , 13.665
"Feb 6, 2008"    , 9.202
"Feb 7, 2008"    , 14.995
"Feb 8, 2008"    , 20.501
"Feb 9, 2008"    , 20.246
"Feb 10, 2008"   , 21.244
"Feb 11, 2008"   , 21.79
"Feb 12, 2008"   , 23.471
"Feb 13, 2008"   , 25.368
"Feb 14, 2008"   , 28.278
"Feb 15, 2008"   , 29.214
"Feb 16, 2008"   , 28.775
"Feb 17, 2008"   , 26.743
"Feb 18, 2008"   , 31.557
"Feb 19, 2008"   , 32.874
"Feb 20, 2008"   , 33.577
"Feb 21, 2008"   , 31.1
"Feb 22, 2008"   , 19.498
"Feb 23, 2008"   , 26.031
"Feb 24, 2008"   , 28.765
"Feb 25, 2008"   , 31.134
"Feb 26, 2008"   , 33.702
"Feb 27, 2008"   , 36.563
"Feb 28, 2008"   , 38.097
"Feb 29, 2008"   , 37.105
"Mar 1, 2008"    , 35.806
"Mar 2, 2008"    , 35.249
"Mar 3, 2008"    , 38.316
"Mar 4, 2008"    , 38.38
"Mar 5, 2008"    , 36.733
"Mar 6, 2008"    , 29.725
"Mar 7, 2008"    , 32.232
"Mar 8, 2008"    , 33.993
"Mar 9, 2008"    , 33.234
"Mar 10, 2008"   , 33.507
"Mar 11, 2008"   , 32.89
"Mar 12, 2008"   , 37.86
"Mar 13, 2008"   , 36.927
"Mar 14, 2008"   , 39.614
"Mar 15, 2008"   , 39.362
"Mar 16, 2008"   , 39.648
"Mar 17, 2008"   , 40.025
"Mar 18, 2008"   , 35.75
"Mar 19, 2008"   , 40.248
"Mar 20, 2008"   , 38.747
"Mar 21, 2008"   , 38.782
"Mar 22, 2008"   , 38.213
"Mar 23, 2008"   , 41.629
"Mar 24, 2008"   , 41.705
"Mar 25, 2008"   , 34.481
"Mar 26, 2008"   , 40.131
"Mar 27, 2008"   , 37.854
"Mar 28, 2008"   , 41.494
"Mar 29, 2008"   , 40.244
"Mar 30, 2008"   , 43.051
"Mar 31, 2008"   , 40.02
"Apr 1, 2008"    , 39.094
"Apr 2, 2008"    , 41.458
"Apr 3, 2008"    , 35.016
"Apr 4, 2008"    , 37.496
"Apr 5, 2008"    , 35.407
"Apr 6, 2008"    , 37.453
"Apr 7, 2008"    , 36.066
"Apr 8, 2008"    , 36.956
"Apr 9, 2008"    , 40.494
"Apr 10, 2008"   , 39.586
"Apr 11, 2008"   , 42.506
"Apr 12, 2008"   , 42.077
"Apr 13, 2008"   , 43.659
"Apr 14, 2008"   , 35.353
"Apr 15, 2008"   , 34.756
"Apr 16, 2008"   , 39.696
"Apr 17, 2008"   , 43.449
"Apr 18, 2008"   , 44.799
"Apr 19, 2008"   , 39.463
"Apr 20, 2008"   , 43.333
"Apr 21, 2008"   , 40.976
"Apr 22, 2008"   , 41.464
"Apr 23, 2008"   , 38.174
"Apr 24, 2008"   , 46.401
"Apr 25, 2008"   , 47.372
"Apr 26, 2008"   , 48.907
"Apr 27, 2008"   , 49.683
"Apr 28, 2008"   , 45.541
"Apr 29, 2008"   , 50.065
"Apr 30, 2008"   , 46.18
"May 1, 2008"    , 49.198
"May 2, 2008"    , 47.026
"May 3, 2008"    , 44.722
"May 4, 2008"    , 43.253
"May 5, 2008"    , 43.791
"May 6, 2008"    , 50.288
"May 7, 2008"    , 40.282
"May 8, 2008"    , 43.058
"May 9, 2008"    , 40.9
"May 10, 2008"   , 46.193
"May 11, 2008"   , 46.741
"May 12, 2008"   , 45.338
"May 13, 2008"   , 48.664
"May 14, 2008"   , 44.326
"May 15, 2008"   , 48.398
"May 16, 2008"   , 46.645
"May 17, 2008"   , 48.989
"May 18, 2008"   , 49.248
"May 19, 2008"   , 49.702
"May 20, 2008"   , 51.89
"May 21, 2008"   , 48.739
"May 22, 2008"   , 49.534
"May 23, 2008"   , 43.565
"May 24, 2008"   , 45.81
"May 25, 2008"   , 44.576
"May 26, 2008"   , 47.151
"May 27, 2008"   , 47.058
"May 28, 2008"   , 47.664
"May 29, 2008"   , 49.362
"May 30, 2008"   , 46.363
"May 31, 2008"   , 50.777
"Jun 1, 2008"    , 44.313
"Jun 2, 2008"    , 46.895
"Jun 3, 2008"    , 47.25
"Jun 4, 2008"    , 47.36
"Jun 5, 2008"    , 50.279
"Jun 6, 2008"    , 46.303
"Jun 7, 2008"    , 50.047
"Jun 8, 2008"    , 44.262
"Jun 9, 2008"    , 47.848
"Jun 10, 2008"   , 43.783
"Jun 11, 2008"   , 43.342
"Jun 12, 2008"   , 43.031
"Jun 13, 2008"   , 40.109
"Jun 14, 2008"   , 44.128
"Jun 15, 2008"   , 37.634
"Jun 16, 2008"   , 45.721
"Jun 17, 2008"   , 39.55
"Jun 18, 2008"   , 42.043
"Jun 19, 2008"   , 41.924
"Jun 20, 2008"   , 43.94
"Jun 21, 2008"   , 45.242
"Jun 22, 2008"   , 41.09
"Jun 23, 2008"   , 45.253
"Jun 24, 2008"   , 44.7
"Jun 25, 2008"   , 49.038
"Jun 26, 2008"   , 42.171
"Jun 27, 2008"   , 43.331
"Jun 28, 2008"   , 40.959
"Jun 29, 2008"   , 36.323
"Jun 30, 2008"   , 41.884
"Jul 1, 2008"    , 39.797
"Jul 2, 2008"    , 47.132
"Jul 3, 2008"    , 41.142
"Jul 4, 2008"    , 45.945
"Jul 5, 2008"    , 43.854
"Jul 6, 2008"    , 42.917
"Jul 7, 2008"    , 43.928
"Jul 8, 2008"    , 38.03
"Jul 9, 2008"    , 44.633
"Jul 10, 2008"   , 42.898
"Jul 11, 2008"   , 42.779
"Jul 12, 2008"   , 35.345
"Jul 13, 2008"   , 33.241
"Jul 14, 2008"   , 36.427
"Jul 15, 2008"   , 39.785
"Jul 16, 2008"   , 45.71
"Jul 17, 2008"   , 41.176
"Jul 18, 2008"   , 46.779
"Jul 19, 2008"   , 42.268
"Jul 20, 2008"   , 42.558
"Jul 21, 2008"   , 41.697
"Jul 22, 2008"   , 35.561
"Jul 23, 2008"   , 39.862
"Jul 24, 2008"   , 40.898
"Jul 25, 2008"   , 46.497
"Jul 26, 2008"   , 38.706
"Jul 27, 2008"   , 45.486
"Jul 28, 2008"   , 43.031
"Jul 29, 2008"   , 45.541
"Jul 30, 2008"   , 43.463
"Jul 31, 2008"   , 42.567
"Aug 1, 2008"    , 44.707
"Aug 2, 2008"    , 43.998
"Aug 3, 2008"    , 44.789
"Aug 4, 2008"    , 37.25
"Aug 5, 2008"    , 34.202
"Aug 6, 2008"    , 37.561
"Aug 7, 2008"    , 38.137
"Aug 8, 2008"    , 41.486
"Aug 9, 2008"    , 37.084
"Aug 10, 2008"   , 37.722
"Aug 11, 2008"   , 29.604
"Aug 12, 2008"   , 34.721
"Aug 13, 2008"   , 36.579
"Aug 14, 2008"   , 41.607
"Aug 15, 2008"   , 42.364
"Aug 16, 2008"   , 40.778
"Aug 17, 2008"   , 42.377
"Aug 18, 2008"   , 40.071
"Aug 19, 2008"   , 46.036
"Aug 20, 2008"   , 43.441
"Aug 21, 2008"   , 46.77
"Aug 22, 2008"   , 44.713
"Aug 23, 2008"   , 45.057
"Aug 24, 2008"   , 46.81
"Aug 25, 2008"   , 45.738
"Aug 26, 2008"   , 47.93
"Aug 27, 2008"   , 43.956
"Aug 28, 2008"   , 46.568
"Aug 29, 2008"   , 43.338
"Aug 30, 2008"   , 43.095
"Aug 31, 2008"   , 43.329
"Sep 1, 2008"    , 41.638
"Sep 2, 2008"    , 42.892
"Sep 3, 2008"    , 39.581
"Sep 4, 2008"    , 45
"Sep 5, 2008"    , 39.406
"Sep 6, 2008"    , 37.307
"Sep 7, 2008"    , 37.401
"Sep 8, 2008"    , 36.144
"Sep 9, 2008"    , 42.024
"Sep 10, 2008"   , 42.866
"Sep 11, 2008"   , 46.508
"Sep 12, 2008"   , 43.801
"Sep 13, 2008"   , 47.625
"Sep 14, 2008"   , 43.937
"Sep 15, 2008"   , 45.988
"Sep 16, 2008"   , 44.252
"Sep 17, 2008"   , 41.171
"Sep 18, 2008"   , 43.304
"Sep 19, 2008"   , 39.663
"Sep 20, 2008"   , 44.132
"Sep 21, 2008"   , 40.429
"Sep 22, 2008"   , 43.656
"Sep 23, 2008"   , 41.839
"Sep 24, 2008"   , 43.647
"Sep 25, 2008"   , 45.458
"Sep 26, 2008"   , 43.156
"Sep 27, 2008"   , 45.795
"Sep 28, 2008"   , 43.162
"Sep 29, 2008"   , 46.803
"Sep 30, 2008"   , 45.282
"Oct 1, 2008"    , 46.658
"Oct 2, 2008"    , 46.203
"Oct 3, 2008"    , 44.533
"Oct 4, 2008"    , 45.43
"Oct 5, 2008"    , 42.117
"Oct 6, 2008"    , 44.367
"Oct 7, 2008"    , 42.135
"Oct 8, 2008"    , 43.926
"Oct 9, 2008"    , 43.476
"Oct 10, 2008"   , 43.416
"Oct 11, 2008"   , 44.068
"Oct 12, 2008"   , 41.552
"Oct 13, 2008"   , 43.699
"Oct 14, 2008"   , 39.117
"Oct 15, 2008"   , 39.478
"Oct 16, 2008"   , 36.757
"Oct 17, 2008"   , 38.508
"Oct 18, 2008"   , 40.421
"Oct 19, 2008"   , 39.784
"Oct 20, 2008"   , 39.11
"Oct 21, 2008"   , 35.16
"Oct 22, 2008"   , 40.003
"Oct 23, 2008"   , 39.887
"Oct 24, 2008"   , 40.301
"Oct 25, 2008"   , 37.722
"Oct 26, 2008"   , 38.115
"Oct 27, 2008"   , 38.483
"Oct 28, 2008"   , 37.865
"Oct 29, 2008"   , 37.566
"Oct 30, 2008"   , 35.076
"Oct 31, 2008"   , 37.786
"Nov 1, 2008"    , 36.881
"Nov 2, 2008"    , 36.396
"Nov 3, 2008"    , 36.134
"Nov 4, 2008"    , 36.756
"Nov 5, 2008"    , 38.738
"Nov 6, 2008"    , 38.049
"Nov 7, 2008"    , 38.963
"Nov 8, 2008"    , 37.989
"Nov 9, 2008"    , 36.042
"Nov 10, 2008"   , 34.315
"Nov 11, 2008"   , 32.304
"Nov 12, 2008"   , 29.688
"Nov 13, 2008"   , 26.211
"Nov 14, 2008"   , 27.036
"Nov 15, 2008"   , 26.678
"Nov 16, 2008"   , 28.775
"Nov 17, 2008"   , 28.683
"Nov 18, 2008"   , 29.426
"Nov 19, 2008"   , 28.178
"Nov 20, 2008"   , 28.343
"Nov 21, 2008"   , 30.04
"Nov 22, 2008"   , 29.187
"Nov 23, 2008"   , 32.457
"Nov 24, 2008"   , 29.213
"Nov 25, 2008"   , 31.132
"Nov 26, 2008"   , 30.638
"Nov 27, 2008"   , 29.47
"Nov 28, 2008"   , 29.873
"Nov 29, 2008"   , 29.717
"Nov 30, 2008"   , 31.061
"Dec 1, 2008"    , 30.791
"Dec 2, 2008"    , 31.024
"Dec 3, 2008"    , 30.613
"Dec 4, 2008"    , 29.675
"Dec 5, 2008"    , 28.958
"Dec 6, 2008"    , 26.13
"Dec 7, 2008"    , 29.155
"Dec 8, 2008"    , 25.197
"Dec 9, 2008"    , 23.659
"Dec 10, 2008"   , 25
"Dec 11, 2008"   , 23.891
"Dec 12, 2008"   , 24.291
"Dec 13, 2008"   , 24.009
"Dec 14, 2008"   , 24.988
"Dec 15, 2008"   , 25.681
"Dec 16, 2008"   , 20.858
"Dec 17, 2008"   , 17.919
"Dec 18, 2008"   , 24.631
"Dec 19, 2008"   , 23.295
"Dec 20, 2008"   , 
"Dec 23, 2008"   , 
"Dec 24, 2008"   , 25.087
"Dec 25, 2008"   , 25.978
"Dec 26, 2008"   , 27.155
"Dec 27, 2008"   , 25.178
"Dec 28, 2008"   , 25.203
"Dec 29, 2008"   , 24.211
"Dec 30, 2008"   , 25.216
"Dec 31, 2008"   , 24.33
"Jan 1, 2009"    , 23.168
"Jan 2, 2009"    , 26.155
"Jan 3, 2009"    , 26.783
"Jan 4, 2009"    , 21.191
"Jan 5, 2009"    , 20.776
"Jan 6, 2009"    , 21.298
"Jan 7, 2009"    , 21.445
"Jan 8, 2009"    , 18.028
"Jan 9, 2009"    , 24.988
"Jan 10, 2009"   , 22.453
"Jan 11, 2009"   , 23.424
"Jan 12, 2009"   , 22.404
"Jan 13, 2009"   , 23.008
"Jan 14, 2009"   , 21.366
"Jan 15, 2009"   , 19.607
"Jan 16, 2009"   , 18.165
"Jan 17, 2009"   , 16.678
"Jan 18, 2009"   , 19.583
"Jan 19, 2009"   , 16.063
"Jan 20, 2009"   , 9.983
"Jan 21, 2009"   , 12.887
"Jan 22, 2009"   , 19.751
"Jan 23, 2009"   , 13.711
"Jan 24, 2009"   , 17.534
"Jan 25, 2009"   , 20.463
"Jan 26, 2009"   , 21.462
"Jan 27, 2009"   , 21.394
"Jan 28, 2009"   , 21.887
"Jan 29, 2009"   , 22.78
"Jan 30, 2009"   , 21.869
"Jan 31, 2009"   , 25.755
"Feb 1, 2009"    , 25.973
"Feb 2, 2009"    , 27.652
"Feb 3, 2009"    , 25.335
"Feb 4, 2009"    , 26.276
"Feb 5, 2009"    , 21.346
"Feb 6, 2009"    , 21.632
"Feb 7, 2009"    , 23.66
"Feb 8, 2009"    , 24.021
"Feb 9, 2009"    , 23.969
"Feb 10, 2009"   , 25.084
"Feb 11, 2009"   , 21.094
"Feb 12, 2009"   , 22.593
"Feb 13, 2009"   , 21.56
"Feb 14, 2009"   , 24.006
"Feb 15, 2009"   , 25.844
"Feb 16, 2009"   , 25.306
"Feb 17, 2009"   , 26.272
"Feb 18, 2009"   , 25.876
"Feb 19, 2009"   , 30.169
"Feb 20, 2009"   , 28.201
"Feb 21, 2009"   , 24.89
"Feb 22, 2009"   , 28.681
"Feb 23, 2009"   , 24.599
"Feb 24, 2009"   , 30.009
"Feb 25, 2009"   , 30.995
"Feb 26, 2009"   , 29.884
"Feb 27, 2009"   , 32.435
"Feb 28, 2009"   , 35.363
"Mar 1, 2009"    , 33.653
"Mar 2, 2009"    , 32.225
"Mar 3, 2009"    , 29.226
"Mar 4, 2009"    , 30.625
"Mar 5, 2009"    , 31.078
"Mar 6, 2009"    , 33.313
"Mar 7, 2009"    , 30.312
"Mar 8, 2009"    , 34.024
"Mar 9, 2009"    , 33.131
"Mar 10, 2009"   , 34.998
"Mar 11, 2009"   , 32.95
"Mar 12, 2009"   , 36.766
"Mar 13, 2009"   , 38.842
"Mar 14, 2009"   , 37.593
"Mar 15, 2009"   , 36.935
"Mar 16, 2009"   , 36.113
"Mar 17, 2009"   , 37.639
"Mar 18, 2009"   , 38.105
"Mar 19, 2009"   , 37.686
"Mar 20, 2009"   , 36.855
"Mar 21, 2009"   , 34.228
"Mar 22, 2009"   , 34.59
"Mar 23, 2009"   , 34.716
"Mar 24, 2009"   , 31.82
"Mar 25, 2009"   , 35.023
"Mar 26, 2009"   , 30.439
"Mar 27, 2009"   , 34.513
"Mar 28, 2009"   , 37.656
"Mar 29, 2009"   , 25.728
"Mar 30, 2009"   , 32.049
"Mar 31, 2009"   , 40.419
"Apr 1, 2009"    , 28.768
"Apr 2, 2009"    , 32.122
"Apr 3, 2009"    , 34.601
"Apr 4, 2009"    , 34.757
"Apr 5, 2009"    , 34.813
"Apr 6, 2009"    , 37.293
"Apr 7, 2009"    , 35.711
"Apr 8, 2009"    , 32.072
"Apr 9, 2009"    , 38.918
"Apr 10, 2009"   , 36.631
"Apr 11, 2009"   , 40.448
"Apr 12, 2009"   , 40.948
"Apr 13, 2009"   , 42.167
"Apr 14, 2009"   , 40.356
"Apr 15, 2009"   , 34.494
"Apr 16, 2009"   , 40.26
"Apr 17, 2009"   , 36.508
"Apr 18, 2009"   , 41.898
"Apr 19, 2009"   , 40.26
"Apr 20, 2009"   , 42.465
"Apr 21, 2009"   , 38.254
"Apr 22, 2009"   , 39.286
"Apr 23, 2009"   , 44.307
"Apr 24, 2009"   , 42.785
"Apr 25, 2009"   , 46.765
"Apr 26, 2009"   , 45.246
"Apr 27, 2009"   , 46.49
"Apr 28, 2009"   , 41.874
"Apr 29, 2009"   , 41.413
"Apr 30, 2009"   , 47.445
"May 1, 2009"    , 42.104
"May 2, 2009"    , 47.137
"May 3, 2009"    , 37.422
"May 4, 2009"    , 40.118
"May 5, 2009"    , 43.509
"May 6, 2009"    , 40.657
"May 7, 2009"    , 43.827
"May 8, 2009"    , 42.778
"May 9, 2009"    , 47.737
"May 10, 2009"   , 42.892
"May 11, 2009"   , 47.435
"May 12, 2009"   , 48.794
"May 13, 2009"   , 52.185
"May 14, 2009"   , 49.351
"May 15, 2009"   , 48.661
"May 16, 2009"   , 52.869
"May 17, 2009"   , 51.391
"May 18, 2009"   , 52.098
"May 19, 2009"   , 44.518
"May 20, 2009"   , 48.727
"May 21, 2009"   , 47.189
"May 22, 2009"   , 48.775
"May 23, 2009"   , 51.052
"May 24, 2009"   , 50.727
"May 25, 2009"   , 51.237
"May 26, 2009"   , 48.644
"May 27, 2009"   , 53.32
"May 28, 2009"   , 50.472
"May 29, 2009"   , 52.663
"May 30, 2009"   , 53.141
"May 31, 2009"   , 48.917
"Jun 1, 2009"    , 47.353
"Jun 2, 2009"    , 42.015
"Jun 3, 2009"    , 45.607
"Jun 4, 2009"    , 43.49
"Jun 5, 2009"    , 46.296
"Jun 6, 2009"    , 47.2
"Jun 7, 2009"    , 49.929
"Jun 8, 2009"    , 50.433
"Jun 9, 2009"    , 47.615
"Jun 10, 2009"   , 49.361
"Jun 11, 2009"   , 46.132
"Jun 12, 2009"   , 50.463
"Jun 13, 2009"   , 45.43
"Jun 14, 2009"   , 46.292
"Jun 15, 2009"   , 46.46
"Jun 16, 2009"   , 42.703
"Jun 17, 2009"   , 47.149
"Jun 18, 2009"   , 42.436
"Jun 19, 2009"   , 48.107
"Jun 20, 2009"   , 45.07
"Jun 21, 2009"   , 50.324
"Jun 22, 2009"   , 48.545
"Jun 23, 2009"   , 49.086
"Jun 24, 2009"   , 49.361
"Jun 25, 2009"   , 49.213
"Jun 26, 2009"   , 52.896
"Jun 27, 2009"   , 48.785
"Jun 28, 2009"   , 49.559
"Jun 29, 2009"   , 47.213
"Jun 30, 2009"   , 45.272
"Jul 1, 2009"    , 42.805
"Jul 2, 2009"    , 43.736
"Jul 3, 2009"    , 48.291
"Jul 4, 2009"    , 43.971
"Jul 5, 2009"    , 48.4
"Jul 6, 2009"    , 45.448
"Jul 7, 2009"    , 50.452
"Jul 8, 2009"    , 46.005
"Jul 9, 2009"    , 46.214
"Jul 10, 2009"   , 42.597
"Jul 11, 2009"   , 37.107
"Jul 12, 2009"   , 45.702
"Jul 13, 2009"   , 41.242
"Jul 14, 2009"   , 45.453
"Jul 15, 2009"   , 43.98
"Jul 16, 2009"   , 46.93
"Jul 17, 2009"   , 47.898
"Jul 18, 2009"   , 45.111
"Jul 19, 2009"   , 44.621
"Jul 20, 2009"   , 42.942
"Jul 21, 2009"   , 48.659
"Jul 22, 2009"   , 45.248
"Jul 23, 2009"   , 45.616
"Jul 24, 2009"   , 41.469
"Jul 25, 2009"   , 42.046
"Jul 26, 2009"   , 46.672
"Jul 27, 2009"   , 46.339
"Jul 28, 2009"   , 48.636
"Jul 29, 2009"   , 42.278
"Jul 30, 2009"   , 46.57
"Jul 31, 2009"   , 44.456
"Aug 1, 2009"    , 46.702
"Aug 2, 2009"    , 47.948
"Aug 3, 2009"    , 46.297
"Aug 4, 2009"    , 48.219
"Aug 5, 2009"    , 43.492
"Aug 6, 2009"    , 48.048
"Aug 7, 2009"    , 44.26
"Aug 8, 2009"    , 46.716
"Aug 9, 2009"    , 47.9
"Aug 10, 2009"   , 48.707
"Aug 11, 2009"   , 48.653
"Aug 12, 2009"   , 44.816
"Aug 13, 2009"   , 48.384
"Aug 14, 2009"   , 45.235
"Aug 15, 2009"   , 46.758
"Aug 16, 2009"   , 44.534
"Aug 17, 2009"   , 43.549
"Aug 18, 2009"   , 43.157
"Aug 19, 2009"   , 41.327
"Aug 20, 2009"   , 44.81
"Aug 21, 2009"   , 39.724
"Aug 22, 2009"   , 45.809
"Aug 23, 2009"   , 44.367
"Aug 24, 2009"   , 46.442
"Aug 25, 2009"   , 44.141
"Aug 26, 2009"   , 41.02
"Aug 27, 2009"   , 43.869
"Aug 28, 2009"   , 43.152
"Aug 29, 2009"   , 46.086
"Aug 30, 2009"   , 40.739
"Aug 31, 2009"   , 42.352
"Sep 1, 2009"    , 43.827
"Sep 2, 2009"    , 44.156
"Sep 3, 2009"    , 42.21
"Sep 4, 2009"    , 42.735
"Sep 5, 2009"    , 45.428
"Sep 6, 2009"    , 41.446
"Sep 7, 2009"    , 45.652
"Sep 8, 2009"    , 45.185
"Sep 9, 2009"    , 
"Sep 10, 2009"   , 43.38
"Sep 11, 2009"   , 44.274
"Sep 12, 2009"   , 46.215
"Sep 13, 2009"   , 44.815
"Sep 14, 2009"   , 47.796
"Sep 15, 2009"   , 45.089
"Sep 16, 2009"   , 44.94
"Sep 17, 2009"   , 41.551
"Sep 18, 2009"   , 45.471
"Sep 19, 2009"   , 47.194
"Sep 20, 2009"   , 47.498
"Sep 21, 2009"   , 49.271
"Sep 22, 2009"   , 45.138
"Sep 23, 2009"   , 48.333
"Sep 24, 2009"   , 46.341
"Sep 25, 2009"   , 47.463
"Sep 26, 2009"   , 44.439
"Sep 27, 2009"   , 43.242
"Sep 28, 2009"   , 44.134
"Sep 29, 2009"   , 43.55
"Sep 30, 2009"   , 47.318
"Oct 1, 2009"    , 44.956
"Oct 2, 2009"    , 47.023
"Oct 3, 2009"    , 42.642
"Oct 4, 2009"    , 41.62
"Oct 5, 2009"    , 40.938
"Oct 6, 2009"    , 42.202
"Oct 7, 2009"    , 43.403
"Oct 8, 2009"    , 42.068
"Oct 9, 2009"    , 41.076
"Oct 10, 2009"   , 37.987
"Oct 11, 2009"   , 41.044
"Oct 12, 2009"   , 41.194
"Oct 13, 2009"   , 40.84
"Oct 14, 2009"   , 41.222
"Oct 15, 2009"   , 39.405
"Oct 16, 2009"   , 39.819
"Oct 17, 2009"   , 35.8
"Oct 18, 2009"   , 38.703
"Oct 19, 2009"   , 37.139
"Oct 20, 2009"   , 37.078
"Oct 21, 2009"   , 36.924
"Oct 22, 2009"   , 36.914
"Oct 23, 2009"   , 38.619
"Oct 24, 2009"   , 34.966
"Oct 25, 2009"   , 37.16
"Oct 26, 2009"   , 36.53
"Oct 27, 2009"   , 38.458
"Oct 28, 2009"   , 38.172
"Oct 29, 2009"   , 37.04
"Oct 30, 2009"   , 39.001
"Oct 31, 2009"   , 37.536
"Nov 1, 2009"    , 38.331
"Nov 2, 2009"    , 38.089
"Nov 3, 2009"    , 37.516
"Nov 4, 2009"    , 36.358
"Nov 5, 2009"    , 36.809
"Nov 6, 2009"    , 36.888
"Nov 7, 2009"    , 34.847
"Nov 8, 2009"    , 32.869
"Nov 9, 2009"    , 29.675
"Nov 10, 2009"   , 32.984
"Nov 11, 2009"   , 32.246
"Nov 12, 2009"   , 33.281
"Nov 13, 2009"   , 32.324
"Nov 14, 2009"   , 32.057
"Nov 15, 2009"   , 30.762
"Nov 16, 2009"   , 27.874
"Nov 17, 2009"   , 30.423
"Nov 18, 2009"   , 29.507
"Nov 19, 2009"   , 31.291
"Nov 20, 2009"   , 31.278
"Nov 21, 2009"   , 30.285
"Nov 22, 2009"   , 28.054
"Nov 23, 2009"   , 28.127
"Nov 24, 2009"   , 29.172
"Nov 25, 2009"   , 27.421
"Nov 26, 2009"   , 28.682
"Nov 27, 2009"   , 28.261
"Nov 28, 2009"   , 28.851
"Nov 29, 2009"   , 28.532
"Nov 30, 2009"   , 27.984
"Dec 1, 2009"    , 27.907
"Dec 2, 2009"    , 28.68
"Dec 3, 2009"    , 28.199
"Dec 4, 2009"    , 27.228
"Dec 5, 2009"    , 25.468
"Dec 6, 2009"    , 25.843
"Dec 7, 2009"    , 25.6
"Dec 8, 2009"    , 23.867
"Dec 9, 2009"    , 24.494
"Dec 10, 2009"   , 23.14
"Dec 11, 2009"   , 30.371
"Dec 12, 2009"   , 24.213
"Dec 13, 2009"   , 21.753
"Dec 14, 2009"   , 26.005
"Dec 15, 2009"   , 22.078
"Dec 16, 2009"   , 23.022
"Dec 17, 2009"   , 23.79
"Dec 18, 2009"   , 24.012
"Dec 19, 2009"   , 23.407
"Dec 20, 2009"   , 26.042
"Dec 21, 2009"   , 23.697
"Dec 22, 2009"   , 24.312
"Dec 23, 2009"   , 24.027
"Dec 24, 2009"   , 23.544
"Dec 25, 2009"   , 24.495
"Dec 26, 2009"   , 24.448
"Dec 27, 2009"   , 26.065
"Dec 28, 2009"   , 24.187
"Dec 29, 2009"   , 26.164
"Dec 30, 2009"   , 23.074
"Dec 31, 2009"   , 24.014
